system:index,Date,MODIS_AOD,.geo
3,2015-01-04,0.8820660554059371,"{""type"":""MultiPoint"",""coordinates"":[]}"
4,2015-01-05,0.5038597690227793,"{""type"":""MultiPoint"",""coordinates"":[]}"
5,2015-01-06,0.8782349705751927,"{""type"":""MultiPoint"",""coordinates"":[]}"
8,2015-01-09,1.2968615804258434,"{""type"":""MultiPoint"",""coordinates"":[]}"
9,2015-01-10,0.7232617982040005,"{""type"":""MultiPoint"",""coordinates"":[]}"
11,2015-01-12,2.532954785344564,"{""type"":""MultiPoint"",""coordinates"":[]}"
12,2015-01-13,0.8366049848802463,"{""type"":""MultiPoint"",""coordinates"":[]}"
14,2015-01-15,1.1278236279632277,"{""type"":""MultiPoint"",""coordinates"":[]}"
15,2015-01-16,0.8807139458049132,"{""type"":""MultiPoint"",""coordinates"":[]}"
16,2015-01-17,1.007920206533608,"{""type"":""MultiPoint"",""coordinates"":[]}"
17,2015-01-18,0.8318822006021733,"{""type"":""MultiPoint"",""coordinates"":[]}"
18,2015-01-19,1.0387663995691174,"{""type"":""MultiPoint"",""coordinates"":[]}"
19,2015-01-20,1.6675274037662364,"{""type"":""MultiPoint"",""coordinates"":[]}"
20,2015-01-21,2.024303103957957,"{""type"":""MultiPoint"",""coordinates"":[]}"
22,2015-01-23,0.579,"{""type"":""MultiPoint"",""coordinates"":[]}"
23,2015-01-24,1.2133951680254524,"{""type"":""MultiPoint"",""coordinates"":[]}"
24,2015-01-25,1.1888404698074662,"{""type"":""MultiPoint"",""coordinates"":[]}"
26,2015-01-27,1.4458551633808336,"{""type"":""MultiPoint"",""coordinates"":[]}"
27,2015-01-28,0.6572709020378434,"{""type"":""MultiPoint"",""coordinates"":[]}"
28,2015-01-29,0.5810734361493327,"{""type"":""MultiPoint"",""coordinates"":[]}"
29,2015-01-30,0.5013884019456997,"{""type"":""MultiPoint"",""coordinates"":[]}"
30,2015-01-31,0.4618405414185019,"{""type"":""MultiPoint"",""coordinates"":[]}"
31,2015-02-01,0.9552593800207921,"{""type"":""MultiPoint"",""coordinates"":[]}"
32,2015-02-02,1.4248222595091995,"{""type"":""MultiPoint"",""coordinates"":[]}"
33,2015-02-03,2.6752786250509875,"{""type"":""MultiPoint"",""coordinates"":[]}"
34,2015-02-04,0.7632734102853127,"{""type"":""MultiPoint"",""coordinates"":[]}"
35,2015-02-05,0.3207090413363732,"{""type"":""MultiPoint"",""coordinates"":[]}"
36,2015-02-06,0.5652168275834614,"{""type"":""MultiPoint"",""coordinates"":[]}"
37,2015-02-07,0.6120563672389642,"{""type"":""MultiPoint"",""coordinates"":[]}"
38,2015-02-08,0.8502829342275255,"{""type"":""MultiPoint"",""coordinates"":[]}"
39,2015-02-09,0.44681862337803474,"{""type"":""MultiPoint"",""coordinates"":[]}"
40,2015-02-10,0.5724164273938945,"{""type"":""MultiPoint"",""coordinates"":[]}"
41,2015-02-11,1.1849999296514038,"{""type"":""MultiPoint"",""coordinates"":[]}"
42,2015-02-12,1.0492334244921038,"{""type"":""MultiPoint"",""coordinates"":[]}"
43,2015-02-13,0.4322463604154181,"{""type"":""MultiPoint"",""coordinates"":[]}"
44,2015-02-14,0.5057371142292864,"{""type"":""MultiPoint"",""coordinates"":[]}"
45,2015-02-15,1.014462288418322,"{""type"":""MultiPoint"",""coordinates"":[]}"
47,2015-02-17,1.6975924956780462,"{""type"":""MultiPoint"",""coordinates"":[]}"
48,2015-02-18,1.471300540238031,"{""type"":""MultiPoint"",""coordinates"":[]}"
49,2015-02-19,1.4475509983180654,"{""type"":""MultiPoint"",""coordinates"":[]}"
50,2015-02-20,1.1945089155757167,"{""type"":""MultiPoint"",""coordinates"":[]}"
51,2015-02-21,0.760016053989133,"{""type"":""MultiPoint"",""coordinates"":[]}"
52,2015-02-22,0.3944451251335658,"{""type"":""MultiPoint"",""coordinates"":[]}"
53,2015-02-23,0.6670490359799605,"{""type"":""MultiPoint"",""coordinates"":[]}"
56,2015-02-26,0.5109297484822203,"{""type"":""MultiPoint"",""coordinates"":[]}"
57,2015-02-27,0.5268647236738928,"{""type"":""MultiPoint"",""coordinates"":[]}"
58,2015-02-28,0.8074197914873739,"{""type"":""MultiPoint"",""coordinates"":[]}"
62,2015-03-04,0.4939580307000639,"{""type"":""MultiPoint"",""coordinates"":[]}"
63,2015-03-05,0.5370835994639702,"{""type"":""MultiPoint"",""coordinates"":[]}"
64,2015-03-06,0.6213931893921065,"{""type"":""MultiPoint"",""coordinates"":[]}"
65,2015-03-07,0.6143847779117819,"{""type"":""MultiPoint"",""coordinates"":[]}"
66,2015-03-08,0.6616336976391397,"{""type"":""MultiPoint"",""coordinates"":[]}"
67,2015-03-09,0.27542704944129,"{""type"":""MultiPoint"",""coordinates"":[]}"
68,2015-03-10,0.48676052692886734,"{""type"":""MultiPoint"",""coordinates"":[]}"
69,2015-03-11,0.5538214188785758,"{""type"":""MultiPoint"",""coordinates"":[]}"
70,2015-03-12,0.5841639370739813,"{""type"":""MultiPoint"",""coordinates"":[]}"
71,2015-03-13,0.8149873530137325,"{""type"":""MultiPoint"",""coordinates"":[]}"
72,2015-03-14,0.5352040229885058,"{""type"":""MultiPoint"",""coordinates"":[]}"
74,2015-03-16,0.5729110412771662,"{""type"":""MultiPoint"",""coordinates"":[]}"
75,2015-03-17,0.5386282795028564,"{""type"":""MultiPoint"",""coordinates"":[]}"
76,2015-03-18,0.37943760753880357,"{""type"":""MultiPoint"",""coordinates"":[]}"
77,2015-03-19,0.4375121987592453,"{""type"":""MultiPoint"",""coordinates"":[]}"
78,2015-03-20,0.32912588814946514,"{""type"":""MultiPoint"",""coordinates"":[]}"
79,2015-03-21,0.41596870646901996,"{""type"":""MultiPoint"",""coordinates"":[]}"
80,2015-03-22,0.3995716207611483,"{""type"":""MultiPoint"",""coordinates"":[]}"
81,2015-03-23,0.2757775614295284,"{""type"":""MultiPoint"",""coordinates"":[]}"
82,2015-03-24,0.3570575128400113,"{""type"":""MultiPoint"",""coordinates"":[]}"
83,2015-03-25,0.7240307575683156,"{""type"":""MultiPoint"",""coordinates"":[]}"
84,2015-03-26,0.7376867544453579,"{""type"":""MultiPoint"",""coordinates"":[]}"
85,2015-03-27,0.3630130494878821,"{""type"":""MultiPoint"",""coordinates"":[]}"
86,2015-03-28,0.4262358118648376,"{""type"":""MultiPoint"",""coordinates"":[]}"
88,2015-03-30,0.8927599866101316,"{""type"":""MultiPoint"",""coordinates"":[]}"
89,2015-03-31,0.8030804211657635,"{""type"":""MultiPoint"",""coordinates"":[]}"
90,2015-04-01,0.5508952446182899,"{""type"":""MultiPoint"",""coordinates"":[]}"
91,2015-04-02,0.9273633565717737,"{""type"":""MultiPoint"",""coordinates"":[]}"
92,2015-04-03,0.587,"{""type"":""MultiPoint"",""coordinates"":[]}"
94,2015-04-05,0.47593104806707515,"{""type"":""MultiPoint"",""coordinates"":[]}"
95,2015-04-06,0.5865890341107328,"{""type"":""MultiPoint"",""coordinates"":[]}"
96,2015-04-07,0.9130370151961167,"{""type"":""MultiPoint"",""coordinates"":[]}"
97,2015-04-08,0.514032233751087,"{""type"":""MultiPoint"",""coordinates"":[]}"
98,2015-04-09,0.25951810740025766,"{""type"":""MultiPoint"",""coordinates"":[]}"
99,2015-04-10,0.3025317716161815,"{""type"":""MultiPoint"",""coordinates"":[]}"
100,2015-04-11,0.540659405940594,"{""type"":""MultiPoint"",""coordinates"":[]}"
102,2015-04-13,0.7323250444049734,"{""type"":""MultiPoint"",""coordinates"":[]}"
103,2015-04-14,0.5884006447123643,"{""type"":""MultiPoint"",""coordinates"":[]}"
104,2015-04-15,0.5581525693972516,"{""type"":""MultiPoint"",""coordinates"":[]}"
105,2015-04-16,0.9674583637649404,"{""type"":""MultiPoint"",""coordinates"":[]}"
106,2015-04-17,0.53158109912774,"{""type"":""MultiPoint"",""coordinates"":[]}"
107,2015-04-18,0.7443270214414884,"{""type"":""MultiPoint"",""coordinates"":[]}"
108,2015-04-19,0.5560193348067359,"{""type"":""MultiPoint"",""coordinates"":[]}"
109,2015-04-20,1.039978142249204,"{""type"":""MultiPoint"",""coordinates"":[]}"
110,2015-04-21,0.5605370413271216,"{""type"":""MultiPoint"",""coordinates"":[]}"
111,2015-04-22,0.22012669372190705,"{""type"":""MultiPoint"",""coordinates"":[]}"
112,2015-04-23,0.5221664655751624,"{""type"":""MultiPoint"",""coordinates"":[]}"
113,2015-04-24,0.6512803940097048,"{""type"":""MultiPoint"",""coordinates"":[]}"
114,2015-04-25,0.6327790682350494,"{""type"":""MultiPoint"",""coordinates"":[]}"
115,2015-04-26,0.5780578554180985,"{""type"":""MultiPoint"",""coordinates"":[]}"
116,2015-04-27,1.0857877481479148,"{""type"":""MultiPoint"",""coordinates"":[]}"
117,2015-04-28,0.891663186546853,"{""type"":""MultiPoint"",""coordinates"":[]}"
118,2015-04-29,0.7052606645839663,"{""type"":""MultiPoint"",""coordinates"":[]}"
119,2015-04-30,0.6969976287710028,"{""type"":""MultiPoint"",""coordinates"":[]}"
120,2015-05-01,0.7020969893668135,"{""type"":""MultiPoint"",""coordinates"":[]}"
121,2015-05-02,0.6612054715860243,"{""type"":""MultiPoint"",""coordinates"":[]}"
122,2015-05-03,0.7479472849619655,"{""type"":""MultiPoint"",""coordinates"":[]}"
123,2015-05-04,0.5832927159660484,"{""type"":""MultiPoint"",""coordinates"":[]}"
124,2015-05-05,0.7316792468960684,"{""type"":""MultiPoint"",""coordinates"":[]}"
125,2015-05-06,0.7948469709027652,"{""type"":""MultiPoint"",""coordinates"":[]}"
126,2015-05-07,0.7206483054706126,"{""type"":""MultiPoint"",""coordinates"":[]}"
127,2015-05-08,0.9374310070768835,"{""type"":""MultiPoint"",""coordinates"":[]}"
128,2015-05-09,0.8522084398589986,"{""type"":""MultiPoint"",""coordinates"":[]}"
129,2015-05-10,0.8337831808593344,"{""type"":""MultiPoint"",""coordinates"":[]}"
130,2015-05-11,0.7456943315602043,"{""type"":""MultiPoint"",""coordinates"":[]}"
131,2015-05-12,0.49607531363478585,"{""type"":""MultiPoint"",""coordinates"":[]}"
133,2015-05-14,0.4781933847305979,"{""type"":""MultiPoint"",""coordinates"":[]}"
134,2015-05-15,0.9188370560731582,"{""type"":""MultiPoint"",""coordinates"":[]}"
135,2015-05-16,0.7292668418059076,"{""type"":""MultiPoint"",""coordinates"":[]}"
136,2015-05-17,0.6363583064471079,"{""type"":""MultiPoint"",""coordinates"":[]}"
137,2015-05-18,0.7506905606588128,"{""type"":""MultiPoint"",""coordinates"":[]}"
138,2015-05-19,1.061354452503714,"{""type"":""MultiPoint"",""coordinates"":[]}"
139,2015-05-20,0.5055962883683837,"{""type"":""MultiPoint"",""coordinates"":[]}"
140,2015-05-21,0.40121764353284894,"{""type"":""MultiPoint"",""coordinates"":[]}"
141,2015-05-22,0.38150799707248123,"{""type"":""MultiPoint"",""coordinates"":[]}"
142,2015-05-23,0.5611962963833952,"{""type"":""MultiPoint"",""coordinates"":[]}"
143,2015-05-24,1.0042716257547375,"{""type"":""MultiPoint"",""coordinates"":[]}"
144,2015-05-25,0.5925581440727293,"{""type"":""MultiPoint"",""coordinates"":[]}"
145,2015-05-26,0.8870314049820782,"{""type"":""MultiPoint"",""coordinates"":[]}"
146,2015-05-27,0.42933927315266396,"{""type"":""MultiPoint"",""coordinates"":[]}"
147,2015-05-28,0.5354455121256834,"{""type"":""MultiPoint"",""coordinates"":[]}"
148,2015-05-29,0.746450773887687,"{""type"":""MultiPoint"",""coordinates"":[]}"
149,2015-05-30,0.3984771618562928,"{""type"":""MultiPoint"",""coordinates"":[]}"
150,2015-05-31,0.6039441219147759,"{""type"":""MultiPoint"",""coordinates"":[]}"
151,2015-06-01,0.6990592506274651,"{""type"":""MultiPoint"",""coordinates"":[]}"
152,2015-06-02,0.7092963982564812,"{""type"":""MultiPoint"",""coordinates"":[]}"
154,2015-06-04,1.014908683482114,"{""type"":""MultiPoint"",""coordinates"":[]}"
155,2015-06-05,0.8679186035620555,"{""type"":""MultiPoint"",""coordinates"":[]}"
156,2015-06-06,0.5793954108193163,"{""type"":""MultiPoint"",""coordinates"":[]}"
157,2015-06-07,0.7270434972139036,"{""type"":""MultiPoint"",""coordinates"":[]}"
158,2015-06-08,0.6525076087504353,"{""type"":""MultiPoint"",""coordinates"":[]}"
160,2015-06-10,0.4324044418492949,"{""type"":""MultiPoint"",""coordinates"":[]}"
161,2015-06-11,0.5230586146637964,"{""type"":""MultiPoint"",""coordinates"":[]}"
162,2015-06-12,0.9050185751567618,"{""type"":""MultiPoint"",""coordinates"":[]}"
163,2015-06-13,0.6509569727396894,"{""type"":""MultiPoint"",""coordinates"":[]}"
165,2015-06-15,0.8506000000000001,"{""type"":""MultiPoint"",""coordinates"":[]}"
166,2015-06-16,1.1287129876207007,"{""type"":""MultiPoint"",""coordinates"":[]}"
167,2015-06-17,1.0120777015478268,"{""type"":""MultiPoint"",""coordinates"":[]}"
168,2015-06-18,1.2693916966150511,"{""type"":""MultiPoint"",""coordinates"":[]}"
169,2015-06-19,1.7761252787113975,"{""type"":""MultiPoint"",""coordinates"":[]}"
170,2015-06-20,1.0277247245140073,"{""type"":""MultiPoint"",""coordinates"":[]}"
171,2015-06-21,0.8904331043140457,"{""type"":""MultiPoint"",""coordinates"":[]}"
172,2015-06-22,1.3945818081739365,"{""type"":""MultiPoint"",""coordinates"":[]}"
173,2015-06-23,0.8234002553676262,"{""type"":""MultiPoint"",""coordinates"":[]}"
174,2015-06-24,2.0245745131370962,"{""type"":""MultiPoint"",""coordinates"":[]}"
176,2015-06-26,0.7879246336136626,"{""type"":""MultiPoint"",""coordinates"":[]}"
177,2015-06-27,1.19688607208362,"{""type"":""MultiPoint"",""coordinates"":[]}"
178,2015-06-28,1.3980917727229878,"{""type"":""MultiPoint"",""coordinates"":[]}"
179,2015-06-29,1.3370764057616846,"{""type"":""MultiPoint"",""coordinates"":[]}"
180,2015-06-30,1.411923201293451,"{""type"":""MultiPoint"",""coordinates"":[]}"
181,2015-07-01,1.1165288904123003,"{""type"":""MultiPoint"",""coordinates"":[]}"
182,2015-07-02,1.4196135225060744,"{""type"":""MultiPoint"",""coordinates"":[]}"
183,2015-07-03,1.0367028099173552,"{""type"":""MultiPoint"",""coordinates"":[]}"
184,2015-07-04,1.9960456764189198,"{""type"":""MultiPoint"",""coordinates"":[]}"
185,2015-07-05,2.2626976187405434,"{""type"":""MultiPoint"",""coordinates"":[]}"
186,2015-07-06,1.6023413461538463,"{""type"":""MultiPoint"",""coordinates"":[]}"
194,2015-07-14,1.011605020079673,"{""type"":""MultiPoint"",""coordinates"":[]}"
195,2015-07-15,0.5780217784919257,"{""type"":""MultiPoint"",""coordinates"":[]}"
199,2015-07-19,1.226036384976526,"{""type"":""MultiPoint"",""coordinates"":[]}"
205,2015-07-25,0.525,"{""type"":""MultiPoint"",""coordinates"":[]}"
206,2015-07-26,0.516997138099698,"{""type"":""MultiPoint"",""coordinates"":[]}"
207,2015-07-27,0.4437191566211417,"{""type"":""MultiPoint"",""coordinates"":[]}"
209,2015-07-29,0.5660000000000001,"{""type"":""MultiPoint"",""coordinates"":[]}"
229,2015-08-18,0.8751218268775933,"{""type"":""MultiPoint"",""coordinates"":[]}"
230,2015-08-19,1.0409222237806317,"{""type"":""MultiPoint"",""coordinates"":[]}"
231,2015-08-20,1.3687170276754639,"{""type"":""MultiPoint"",""coordinates"":[]}"
235,2015-08-24,0.7581896102272936,"{""type"":""MultiPoint"",""coordinates"":[]}"
236,2015-08-25,0.37284494719883055,"{""type"":""MultiPoint"",""coordinates"":[]}"
237,2015-08-26,0.8596623893039127,"{""type"":""MultiPoint"",""coordinates"":[]}"
238,2015-08-27,0.5509040858906237,"{""type"":""MultiPoint"",""coordinates"":[]}"
239,2015-08-28,1.3856061615133375,"{""type"":""MultiPoint"",""coordinates"":[]}"
240,2015-08-29,0.6670798453832407,"{""type"":""MultiPoint"",""coordinates"":[]}"
241,2015-08-30,1.058977488942056,"{""type"":""MultiPoint"",""coordinates"":[]}"
242,2015-08-31,0.7531805298534457,"{""type"":""MultiPoint"",""coordinates"":[]}"
243,2015-09-01,0.5857247387751975,"{""type"":""MultiPoint"",""coordinates"":[]}"
244,2015-09-02,1.2950053917348963,"{""type"":""MultiPoint"",""coordinates"":[]}"
245,2015-09-03,0.8211289107696133,"{""type"":""MultiPoint"",""coordinates"":[]}"
246,2015-09-04,0.6856364095200274,"{""type"":""MultiPoint"",""coordinates"":[]}"
247,2015-09-05,0.46758667173995827,"{""type"":""MultiPoint"",""coordinates"":[]}"
248,2015-09-06,0.5305101923797045,"{""type"":""MultiPoint"",""coordinates"":[]}"
249,2015-09-07,0.42787920571277543,"{""type"":""MultiPoint"",""coordinates"":[]}"
250,2015-09-08,0.36995203544842725,"{""type"":""MultiPoint"",""coordinates"":[]}"
251,2015-09-09,0.45187443110406783,"{""type"":""MultiPoint"",""coordinates"":[]}"
252,2015-09-10,0.2919230251050252,"{""type"":""MultiPoint"",""coordinates"":[]}"
253,2015-09-11,0.42609452789012026,"{""type"":""MultiPoint"",""coordinates"":[]}"
254,2015-09-12,0.6897512849935107,"{""type"":""MultiPoint"",""coordinates"":[]}"
255,2015-09-13,0.8611238803524435,"{""type"":""MultiPoint"",""coordinates"":[]}"
256,2015-09-14,0.8913687455437704,"{""type"":""MultiPoint"",""coordinates"":[]}"
257,2015-09-15,1.1963692788920859,"{""type"":""MultiPoint"",""coordinates"":[]}"
258,2015-09-16,1.5367411469324885,"{""type"":""MultiPoint"",""coordinates"":[]}"
259,2015-09-17,1.1914084123146007,"{""type"":""MultiPoint"",""coordinates"":[]}"
262,2015-09-20,1.4471484013000653,"{""type"":""MultiPoint"",""coordinates"":[]}"
263,2015-09-21,0.8253459634282868,"{""type"":""MultiPoint"",""coordinates"":[]}"
264,2015-09-22,0.5757365096596844,"{""type"":""MultiPoint"",""coordinates"":[]}"
265,2015-09-23,0.5485217761882779,"{""type"":""MultiPoint"",""coordinates"":[]}"
266,2015-09-24,0.45945933281679974,"{""type"":""MultiPoint"",""coordinates"":[]}"
267,2015-09-25,0.5397466256438027,"{""type"":""MultiPoint"",""coordinates"":[]}"
268,2015-09-26,0.36774104792865,"{""type"":""MultiPoint"",""coordinates"":[]}"
269,2015-09-27,0.6040543826667477,"{""type"":""MultiPoint"",""coordinates"":[]}"
270,2015-09-28,0.3855340259928509,"{""type"":""MultiPoint"",""coordinates"":[]}"
271,2015-09-29,0.5249915373821297,"{""type"":""MultiPoint"",""coordinates"":[]}"
272,2015-09-30,0.25692736005093947,"{""type"":""MultiPoint"",""coordinates"":[]}"
273,2015-10-01,0.32756721323368426,"{""type"":""MultiPoint"",""coordinates"":[]}"
274,2015-10-02,0.39153032421522493,"{""type"":""MultiPoint"",""coordinates"":[]}"
275,2015-10-03,0.3662524848771918,"{""type"":""MultiPoint"",""coordinates"":[]}"
276,2015-10-04,0.41873191220028616,"{""type"":""MultiPoint"",""coordinates"":[]}"
277,2015-10-05,0.4696139600918382,"{""type"":""MultiPoint"",""coordinates"":[]}"
278,2015-10-06,0.6642044872666671,"{""type"":""MultiPoint"",""coordinates"":[]}"
279,2015-10-07,0.9283264773618543,"{""type"":""MultiPoint"",""coordinates"":[]}"
280,2015-10-08,0.7035265782624633,"{""type"":""MultiPoint"",""coordinates"":[]}"
281,2015-10-09,0.39774664190508713,"{""type"":""MultiPoint"",""coordinates"":[]}"
282,2015-10-10,0.27308725542725665,"{""type"":""MultiPoint"",""coordinates"":[]}"
283,2015-10-11,0.43669909036472415,"{""type"":""MultiPoint"",""coordinates"":[]}"
284,2015-10-12,0.4943577417854727,"{""type"":""MultiPoint"",""coordinates"":[]}"
285,2015-10-13,1.345257923078916,"{""type"":""MultiPoint"",""coordinates"":[]}"
286,2015-10-14,1.3218987061624639,"{""type"":""MultiPoint"",""coordinates"":[]}"
287,2015-10-15,1.0553817078331247,"{""type"":""MultiPoint"",""coordinates"":[]}"
288,2015-10-16,0.9896851862237868,"{""type"":""MultiPoint"",""coordinates"":[]}"
289,2015-10-17,1.4408323328705783,"{""type"":""MultiPoint"",""coordinates"":[]}"
290,2015-10-18,1.4486890992310706,"{""type"":""MultiPoint"",""coordinates"":[]}"
291,2015-10-19,1.0467591454233878,"{""type"":""MultiPoint"",""coordinates"":[]}"
292,2015-10-20,0.9322460916797191,"{""type"":""MultiPoint"",""coordinates"":[]}"
293,2015-10-21,1.4637766199317965,"{""type"":""MultiPoint"",""coordinates"":[]}"
294,2015-10-22,0.5819214873008853,"{""type"":""MultiPoint"",""coordinates"":[]}"
295,2015-10-23,0.701631343878531,"{""type"":""MultiPoint"",""coordinates"":[]}"
296,2015-10-24,0.8649370740111294,"{""type"":""MultiPoint"",""coordinates"":[]}"
297,2015-10-25,0.8244131580718387,"{""type"":""MultiPoint"",""coordinates"":[]}"
298,2015-10-26,0.8447979820726464,"{""type"":""MultiPoint"",""coordinates"":[]}"
299,2015-10-27,1.2388077992819257,"{""type"":""MultiPoint"",""coordinates"":[]}"
301,2015-10-29,1.4628507282269414,"{""type"":""MultiPoint"",""coordinates"":[]}"
302,2015-10-30,0.5298015625711813,"{""type"":""MultiPoint"",""coordinates"":[]}"
303,2015-10-31,2.812471428209074,"{""type"":""MultiPoint"",""coordinates"":[]}"
304,2015-11-01,1.234783651093788,"{""type"":""MultiPoint"",""coordinates"":[]}"
305,2015-11-02,1.5254191038232152,"{""type"":""MultiPoint"",""coordinates"":[]}"
306,2015-11-03,2.2525550238301135,"{""type"":""MultiPoint"",""coordinates"":[]}"
307,2015-11-04,1.471590422705982,"{""type"":""MultiPoint"",""coordinates"":[]}"
308,2015-11-05,1.5322268406966437,"{""type"":""MultiPoint"",""coordinates"":[]}"
309,2015-11-06,1.6348062132975647,"{""type"":""MultiPoint"",""coordinates"":[]}"
310,2015-11-07,2.2013287519170937,"{""type"":""MultiPoint"",""coordinates"":[]}"
311,2015-11-08,2.1521739662351798,"{""type"":""MultiPoint"",""coordinates"":[]}"
312,2015-11-09,1.702654466964393,"{""type"":""MultiPoint"",""coordinates"":[]}"
313,2015-11-10,2.1795130610346525,"{""type"":""MultiPoint"",""coordinates"":[]}"
314,2015-11-11,0.9616279239368739,"{""type"":""MultiPoint"",""coordinates"":[]}"
315,2015-11-12,1.0066277605227922,"{""type"":""MultiPoint"",""coordinates"":[]}"
316,2015-11-13,1.792447650695754,"{""type"":""MultiPoint"",""coordinates"":[]}"
317,2015-11-14,1.312657655171152,"{""type"":""MultiPoint"",""coordinates"":[]}"
318,2015-11-15,0.8021091379826047,"{""type"":""MultiPoint"",""coordinates"":[]}"
319,2015-11-16,1.8397988632589946,"{""type"":""MultiPoint"",""coordinates"":[]}"
320,2015-11-17,0.524111028303346,"{""type"":""MultiPoint"",""coordinates"":[]}"
321,2015-11-18,0.7873498273476885,"{""type"":""MultiPoint"",""coordinates"":[]}"
322,2015-11-19,1.026657633883772,"{""type"":""MultiPoint"",""coordinates"":[]}"
323,2015-11-20,0.8054324285155943,"{""type"":""MultiPoint"",""coordinates"":[]}"
324,2015-11-21,0.938645769441191,"{""type"":""MultiPoint"",""coordinates"":[]}"
325,2015-11-22,0.6841074846093833,"{""type"":""MultiPoint"",""coordinates"":[]}"
326,2015-11-23,1.1603213367349128,"{""type"":""MultiPoint"",""coordinates"":[]}"
327,2015-11-24,0.9469676806405648,"{""type"":""MultiPoint"",""coordinates"":[]}"
329,2015-11-26,1.2056617610366631,"{""type"":""MultiPoint"",""coordinates"":[]}"
330,2015-11-27,1.118798481585182,"{""type"":""MultiPoint"",""coordinates"":[]}"
331,2015-11-28,2.374085968874521,"{""type"":""MultiPoint"",""coordinates"":[]}"
332,2015-11-29,1.3073708609590626,"{""type"":""MultiPoint"",""coordinates"":[]}"
333,2015-11-30,1.803096757431183,"{""type"":""MultiPoint"",""coordinates"":[]}"
334,2015-12-01,1.587759495472165,"{""type"":""MultiPoint"",""coordinates"":[]}"
335,2015-12-02,1.9255868169399872,"{""type"":""MultiPoint"",""coordinates"":[]}"
336,2015-12-03,1.318546513971762,"{""type"":""MultiPoint"",""coordinates"":[]}"
337,2015-12-04,0.547649520712084,"{""type"":""MultiPoint"",""coordinates"":[]}"
338,2015-12-05,0.802410989950849,"{""type"":""MultiPoint"",""coordinates"":[]}"
339,2015-12-06,1.0689613812326295,"{""type"":""MultiPoint"",""coordinates"":[]}"
340,2015-12-07,1.5257332242454444,"{""type"":""MultiPoint"",""coordinates"":[]}"
341,2015-12-08,0.9549410654073465,"{""type"":""MultiPoint"",""coordinates"":[]}"
343,2015-12-10,1.353404343777853,"{""type"":""MultiPoint"",""coordinates"":[]}"
344,2015-12-11,2.4136790106326274,"{""type"":""MultiPoint"",""coordinates"":[]}"
345,2015-12-12,1.3944030648708077,"{""type"":""MultiPoint"",""coordinates"":[]}"
346,2015-12-13,0.47391230049040856,"{""type"":""MultiPoint"",""coordinates"":[]}"
347,2015-12-14,0.5629985297809935,"{""type"":""MultiPoint"",""coordinates"":[]}"
348,2015-12-15,0.3887484262444445,"{""type"":""MultiPoint"",""coordinates"":[]}"
349,2015-12-16,0.5152115226164671,"{""type"":""MultiPoint"",""coordinates"":[]}"
350,2015-12-17,1.0336772603344655,"{""type"":""MultiPoint"",""coordinates"":[]}"
351,2015-12-18,1.0259478794721983,"{""type"":""MultiPoint"",""coordinates"":[]}"
352,2015-12-19,0.6040796641316869,"{""type"":""MultiPoint"",""coordinates"":[]}"
353,2015-12-20,0.9552239252773095,"{""type"":""MultiPoint"",""coordinates"":[]}"
354,2015-12-21,1.0475407552449414,"{""type"":""MultiPoint"",""coordinates"":[]}"
355,2015-12-22,1.3770217540737244,"{""type"":""MultiPoint"",""coordinates"":[]}"
356,2015-12-23,2.3413098587887893,"{""type"":""MultiPoint"",""coordinates"":[]}"
357,2015-12-24,0.805381934538123,"{""type"":""MultiPoint"",""coordinates"":[]}"
358,2015-12-25,0.5238636921910149,"{""type"":""MultiPoint"",""coordinates"":[]}"
359,2015-12-26,0.480751049675129,"{""type"":""MultiPoint"",""coordinates"":[]}"
360,2015-12-27,0.6996303613205092,"{""type"":""MultiPoint"",""coordinates"":[]}"
361,2015-12-28,0.6340205525295025,"{""type"":""MultiPoint"",""coordinates"":[]}"
362,2015-12-29,0.4176439110475256,"{""type"":""MultiPoint"",""coordinates"":[]}"
363,2015-12-30,0.5934046147037435,"{""type"":""MultiPoint"",""coordinates"":[]}"
364,2015-12-31,0.5833696265220403,"{""type"":""MultiPoint"",""coordinates"":[]}"
365,2016-01-01,0.9964278064494048,"{""type"":""MultiPoint"",""coordinates"":[]}"
366,2016-01-02,0.9193516942130391,"{""type"":""MultiPoint"",""coordinates"":[]}"
367,2016-01-03,0.9939219794492402,"{""type"":""MultiPoint"",""coordinates"":[]}"
368,2016-01-04,0.9596979207744077,"{""type"":""MultiPoint"",""coordinates"":[]}"
369,2016-01-05,1.2605864232720532,"{""type"":""MultiPoint"",""coordinates"":[]}"
370,2016-01-06,1.6816105039180609,"{""type"":""MultiPoint"",""coordinates"":[]}"
371,2016-01-07,1.6150572824249028,"{""type"":""MultiPoint"",""coordinates"":[]}"
372,2016-01-08,2.1423356422050546,"{""type"":""MultiPoint"",""coordinates"":[]}"
373,2016-01-09,0.4996526387533214,"{""type"":""MultiPoint"",""coordinates"":[]}"
374,2016-01-10,0.7055797901084906,"{""type"":""MultiPoint"",""coordinates"":[]}"
375,2016-01-11,0.7594316508168072,"{""type"":""MultiPoint"",""coordinates"":[]}"
376,2016-01-12,0.7881208744201045,"{""type"":""MultiPoint"",""coordinates"":[]}"
377,2016-01-13,3.2484560097353037,"{""type"":""MultiPoint"",""coordinates"":[]}"
380,2016-01-16,1.4798271994391858,"{""type"":""MultiPoint"",""coordinates"":[]}"
381,2016-01-17,1.6314612483629072,"{""type"":""MultiPoint"",""coordinates"":[]}"
382,2016-01-18,1.20405374974781,"{""type"":""MultiPoint"",""coordinates"":[]}"
385,2016-01-21,0.9229464026013963,"{""type"":""MultiPoint"",""coordinates"":[]}"
386,2016-01-22,1.39404146722831,"{""type"":""MultiPoint"",""coordinates"":[]}"
387,2016-01-23,0.8851895972314435,"{""type"":""MultiPoint"",""coordinates"":[]}"
388,2016-01-24,2.1493772054397726,"{""type"":""MultiPoint"",""coordinates"":[]}"
389,2016-01-25,0.7739703575266486,"{""type"":""MultiPoint"",""coordinates"":[]}"
390,2016-01-26,1.5220802578274308,"{""type"":""MultiPoint"",""coordinates"":[]}"
391,2016-01-27,1.215717141122192,"{""type"":""MultiPoint"",""coordinates"":[]}"
392,2016-01-28,1.040599117576882,"{""type"":""MultiPoint"",""coordinates"":[]}"
393,2016-01-29,1.662738097516035,"{""type"":""MultiPoint"",""coordinates"":[]}"
394,2016-01-30,1.3345035205825162,"{""type"":""MultiPoint"",""coordinates"":[]}"
396,2016-02-01,0.39383127098116477,"{""type"":""MultiPoint"",""coordinates"":[]}"
397,2016-02-02,0.5853036672278286,"{""type"":""MultiPoint"",""coordinates"":[]}"
398,2016-02-03,0.5562659083908608,"{""type"":""MultiPoint"",""coordinates"":[]}"
399,2016-02-04,0.4861038620230729,"{""type"":""MultiPoint"",""coordinates"":[]}"
400,2016-02-05,0.6580775204031711,"{""type"":""MultiPoint"",""coordinates"":[]}"
401,2016-02-06,0.9430280098503105,"{""type"":""MultiPoint"",""coordinates"":[]}"
402,2016-02-07,1.6198220712375742,"{""type"":""MultiPoint"",""coordinates"":[]}"
403,2016-02-08,0.7068689932623571,"{""type"":""MultiPoint"",""coordinates"":[]}"
404,2016-02-09,0.8267463723409822,"{""type"":""MultiPoint"",""coordinates"":[]}"
405,2016-02-10,0.9155158926427333,"{""type"":""MultiPoint"",""coordinates"":[]}"
406,2016-02-11,0.8615882132460319,"{""type"":""MultiPoint"",""coordinates"":[]}"
407,2016-02-12,1.015423775727171,"{""type"":""MultiPoint"",""coordinates"":[]}"
408,2016-02-13,1.2254165837128033,"{""type"":""MultiPoint"",""coordinates"":[]}"
409,2016-02-14,0.6977724012454437,"{""type"":""MultiPoint"",""coordinates"":[]}"
410,2016-02-15,0.4520234741784037,"{""type"":""MultiPoint"",""coordinates"":[]}"
411,2016-02-16,0.6468226182847949,"{""type"":""MultiPoint"",""coordinates"":[]}"
412,2016-02-17,1.128655984998004,"{""type"":""MultiPoint"",""coordinates"":[]}"
415,2016-02-20,1.370662518852038,"{""type"":""MultiPoint"",""coordinates"":[]}"
416,2016-02-21,0.3176985666257426,"{""type"":""MultiPoint"",""coordinates"":[]}"
417,2016-02-22,0.33262204901011344,"{""type"":""MultiPoint"",""coordinates"":[]}"
418,2016-02-23,0.2637532491063514,"{""type"":""MultiPoint"",""coordinates"":[]}"
419,2016-02-24,0.6237259871484638,"{""type"":""MultiPoint"",""coordinates"":[]}"
420,2016-02-25,0.6623943914251023,"{""type"":""MultiPoint"",""coordinates"":[]}"
421,2016-02-26,0.7142197796791646,"{""type"":""MultiPoint"",""coordinates"":[]}"
422,2016-02-27,1.072424693512585,"{""type"":""MultiPoint"",""coordinates"":[]}"
423,2016-02-28,1.033499848374217,"{""type"":""MultiPoint"",""coordinates"":[]}"
424,2016-02-29,1.0743637586780563,"{""type"":""MultiPoint"",""coordinates"":[]}"
425,2016-03-01,1.0971054994889435,"{""type"":""MultiPoint"",""coordinates"":[]}"
426,2016-03-02,0.8063101673427332,"{""type"":""MultiPoint"",""coordinates"":[]}"
427,2016-03-03,0.8389915928321637,"{""type"":""MultiPoint"",""coordinates"":[]}"
428,2016-03-04,0.5281648838967018,"{""type"":""MultiPoint"",""coordinates"":[]}"
429,2016-03-05,0.8567371519531055,"{""type"":""MultiPoint"",""coordinates"":[]}"
430,2016-03-06,1.1147817243574707,"{""type"":""MultiPoint"",""coordinates"":[]}"
431,2016-03-07,1.2433370764744112,"{""type"":""MultiPoint"",""coordinates"":[]}"
432,2016-03-08,0.8985989153577694,"{""type"":""MultiPoint"",""coordinates"":[]}"
433,2016-03-09,0.8034688134639832,"{""type"":""MultiPoint"",""coordinates"":[]}"
435,2016-03-11,0.5066841034501977,"{""type"":""MultiPoint"",""coordinates"":[]}"
436,2016-03-12,0.5068265185978932,"{""type"":""MultiPoint"",""coordinates"":[]}"
437,2016-03-13,0.5411506935257114,"{""type"":""MultiPoint"",""coordinates"":[]}"
438,2016-03-14,0.40138065219320573,"{""type"":""MultiPoint"",""coordinates"":[]}"
439,2016-03-15,0.5917913931632648,"{""type"":""MultiPoint"",""coordinates"":[]}"
440,2016-03-16,0.4544488318442439,"{""type"":""MultiPoint"",""coordinates"":[]}"
441,2016-03-17,0.6277076243413722,"{""type"":""MultiPoint"",""coordinates"":[]}"
442,2016-03-18,0.5668275768610553,"{""type"":""MultiPoint"",""coordinates"":[]}"
443,2016-03-19,0.8772357039951245,"{""type"":""MultiPoint"",""coordinates"":[]}"
444,2016-03-20,0.6172259516950229,"{""type"":""MultiPoint"",""coordinates"":[]}"
445,2016-03-21,0.4184294504246923,"{""type"":""MultiPoint"",""coordinates"":[]}"
446,2016-03-22,0.17970552716928503,"{""type"":""MultiPoint"",""coordinates"":[]}"
447,2016-03-23,0.31398471387171295,"{""type"":""MultiPoint"",""coordinates"":[]}"
448,2016-03-24,0.6193729239735418,"{""type"":""MultiPoint"",""coordinates"":[]}"
449,2016-03-25,0.679769691286046,"{""type"":""MultiPoint"",""coordinates"":[]}"
451,2016-03-27,0.4637484467374019,"{""type"":""MultiPoint"",""coordinates"":[]}"
452,2016-03-28,0.4473178459095887,"{""type"":""MultiPoint"",""coordinates"":[]}"
453,2016-03-29,0.5845839313685749,"{""type"":""MultiPoint"",""coordinates"":[]}"
454,2016-03-30,0.5924180891769413,"{""type"":""MultiPoint"",""coordinates"":[]}"
455,2016-03-31,0.6562620999631201,"{""type"":""MultiPoint"",""coordinates"":[]}"
456,2016-04-01,0.5709699448176354,"{""type"":""MultiPoint"",""coordinates"":[]}"
457,2016-04-02,0.6987554979416877,"{""type"":""MultiPoint"",""coordinates"":[]}"
459,2016-04-04,0.7506298810515677,"{""type"":""MultiPoint"",""coordinates"":[]}"
461,2016-04-06,0.46146159927688674,"{""type"":""MultiPoint"",""coordinates"":[]}"
462,2016-04-07,0.6173479808876208,"{""type"":""MultiPoint"",""coordinates"":[]}"
463,2016-04-08,0.4815560409752196,"{""type"":""MultiPoint"",""coordinates"":[]}"
464,2016-04-09,0.6025725349514168,"{""type"":""MultiPoint"",""coordinates"":[]}"
466,2016-04-11,0.6312510376267265,"{""type"":""MultiPoint"",""coordinates"":[]}"
467,2016-04-12,0.406091065572285,"{""type"":""MultiPoint"",""coordinates"":[]}"
468,2016-04-13,0.3877467346090657,"{""type"":""MultiPoint"",""coordinates"":[]}"
469,2016-04-14,0.3960858052640207,"{""type"":""MultiPoint"",""coordinates"":[]}"
470,2016-04-15,0.5425432974555112,"{""type"":""MultiPoint"",""coordinates"":[]}"
471,2016-04-16,0.5344655251956432,"{""type"":""MultiPoint"",""coordinates"":[]}"
472,2016-04-17,1.0013615014343362,"{""type"":""MultiPoint"",""coordinates"":[]}"
473,2016-04-18,0.6318899554448948,"{""type"":""MultiPoint"",""coordinates"":[]}"
474,2016-04-19,0.6786339018637831,"{""type"":""MultiPoint"",""coordinates"":[]}"
475,2016-04-20,0.6210913460680966,"{""type"":""MultiPoint"",""coordinates"":[]}"
476,2016-04-21,0.4205575452055963,"{""type"":""MultiPoint"",""coordinates"":[]}"
477,2016-04-22,0.6668297326912999,"{""type"":""MultiPoint"",""coordinates"":[]}"
478,2016-04-23,0.3939666217858496,"{""type"":""MultiPoint"",""coordinates"":[]}"
479,2016-04-24,0.6309376087102038,"{""type"":""MultiPoint"",""coordinates"":[]}"
480,2016-04-25,0.5535939704776616,"{""type"":""MultiPoint"",""coordinates"":[]}"
481,2016-04-26,0.8163963598706804,"{""type"":""MultiPoint"",""coordinates"":[]}"
482,2016-04-27,1.0713486441863396,"{""type"":""MultiPoint"",""coordinates"":[]}"
483,2016-04-28,0.8069069863766298,"{""type"":""MultiPoint"",""coordinates"":[]}"
484,2016-04-29,0.8646902677277061,"{""type"":""MultiPoint"",""coordinates"":[]}"
485,2016-04-30,1.1348637624507718,"{""type"":""MultiPoint"",""coordinates"":[]}"
486,2016-05-01,0.6437512410609931,"{""type"":""MultiPoint"",""coordinates"":[]}"
487,2016-05-02,0.6590566363779616,"{""type"":""MultiPoint"",""coordinates"":[]}"
489,2016-05-04,0.8990671857137993,"{""type"":""MultiPoint"",""coordinates"":[]}"
490,2016-05-05,0.9983405664010434,"{""type"":""MultiPoint"",""coordinates"":[]}"
491,2016-05-06,0.588,"{""type"":""MultiPoint"",""coordinates"":[]}"
492,2016-05-07,1.3609613467052846,"{""type"":""MultiPoint"",""coordinates"":[]}"
493,2016-05-08,1.554060752264368,"{""type"":""MultiPoint"",""coordinates"":[]}"
494,2016-05-09,1.4961953787421494,"{""type"":""MultiPoint"",""coordinates"":[]}"
495,2016-05-10,0.891100563101031,"{""type"":""MultiPoint"",""coordinates"":[]}"
496,2016-05-11,0.7108907232603452,"{""type"":""MultiPoint"",""coordinates"":[]}"
497,2016-05-12,0.9802259940158896,"{""type"":""MultiPoint"",""coordinates"":[]}"
498,2016-05-13,0.6566823655720239,"{""type"":""MultiPoint"",""coordinates"":[]}"
499,2016-05-14,0.6136205756527267,"{""type"":""MultiPoint"",""coordinates"":[]}"
500,2016-05-15,0.7987383853992576,"{""type"":""MultiPoint"",""coordinates"":[]}"
501,2016-05-16,0.4848858881250883,"{""type"":""MultiPoint"",""coordinates"":[]}"
502,2016-05-17,0.5099393688032503,"{""type"":""MultiPoint"",""coordinates"":[]}"
503,2016-05-18,0.4337536886664873,"{""type"":""MultiPoint"",""coordinates"":[]}"
504,2016-05-19,0.680252361605574,"{""type"":""MultiPoint"",""coordinates"":[]}"
505,2016-05-20,0.661996437492183,"{""type"":""MultiPoint"",""coordinates"":[]}"
506,2016-05-21,0.806603565176978,"{""type"":""MultiPoint"",""coordinates"":[]}"
507,2016-05-22,1.0371972985761397,"{""type"":""MultiPoint"",""coordinates"":[]}"
508,2016-05-23,0.7725379025552062,"{""type"":""MultiPoint"",""coordinates"":[]}"
509,2016-05-24,1.3470331245625145,"{""type"":""MultiPoint"",""coordinates"":[]}"
510,2016-05-25,1.3391400071333368,"{""type"":""MultiPoint"",""coordinates"":[]}"
511,2016-05-26,1.4209786426217785,"{""type"":""MultiPoint"",""coordinates"":[]}"
512,2016-05-27,1.1571122557135962,"{""type"":""MultiPoint"",""coordinates"":[]}"
513,2016-05-28,1.335936135704813,"{""type"":""MultiPoint"",""coordinates"":[]}"
514,2016-05-29,1.15038162004775,"{""type"":""MultiPoint"",""coordinates"":[]}"
515,2016-05-30,0.7660493452802094,"{""type"":""MultiPoint"",""coordinates"":[]}"
516,2016-05-31,1.3733098488897981,"{""type"":""MultiPoint"",""coordinates"":[]}"
517,2016-06-01,0.7360414151603393,"{""type"":""MultiPoint"",""coordinates"":[]}"
518,2016-06-02,1.0276410455864626,"{""type"":""MultiPoint"",""coordinates"":[]}"
519,2016-06-03,0.7633389117974092,"{""type"":""MultiPoint"",""coordinates"":[]}"
520,2016-06-04,0.7944598181265673,"{""type"":""MultiPoint"",""coordinates"":[]}"
521,2016-06-05,0.9533794654191953,"{""type"":""MultiPoint"",""coordinates"":[]}"
522,2016-06-06,0.9910025998845405,"{""type"":""MultiPoint"",""coordinates"":[]}"
523,2016-06-07,0.9276425132761332,"{""type"":""MultiPoint"",""coordinates"":[]}"
524,2016-06-08,0.8971573305228161,"{""type"":""MultiPoint"",""coordinates"":[]}"
525,2016-06-09,1.2143628831710878,"{""type"":""MultiPoint"",""coordinates"":[]}"
526,2016-06-10,1.0772363591002698,"{""type"":""MultiPoint"",""coordinates"":[]}"
527,2016-06-11,0.9283402752081444,"{""type"":""MultiPoint"",""coordinates"":[]}"
528,2016-06-12,1.0090164889172881,"{""type"":""MultiPoint"",""coordinates"":[]}"
529,2016-06-13,1.0512980832333587,"{""type"":""MultiPoint"",""coordinates"":[]}"
531,2016-06-15,1.747190841548792,"{""type"":""MultiPoint"",""coordinates"":[]}"
532,2016-06-16,1.3519982229557996,"{""type"":""MultiPoint"",""coordinates"":[]}"
533,2016-06-17,1.074809390109721,"{""type"":""MultiPoint"",""coordinates"":[]}"
534,2016-06-18,1.4169228064303467,"{""type"":""MultiPoint"",""coordinates"":[]}"
536,2016-06-20,1.778679808286951,"{""type"":""MultiPoint"",""coordinates"":[]}"
540,2016-06-24,1.5645094768764216,"{""type"":""MultiPoint"",""coordinates"":[]}"
541,2016-06-25,1.563068800731148,"{""type"":""MultiPoint"",""coordinates"":[]}"
545,2016-06-29,1.5380306587381256,"{""type"":""MultiPoint"",""coordinates"":[]}"
546,2016-06-30,1.0690787281129985,"{""type"":""MultiPoint"",""coordinates"":[]}"
551,2016-07-05,1.000035118019574,"{""type"":""MultiPoint"",""coordinates"":[]}"
564,2016-07-18,1.4558307692307695,"{""type"":""MultiPoint"",""coordinates"":[]}"
565,2016-07-19,0.7031962757606388,"{""type"":""MultiPoint"",""coordinates"":[]}"
566,2016-07-20,1.0238722519187198,"{""type"":""MultiPoint"",""coordinates"":[]}"
567,2016-07-21,1.0538362493306046,"{""type"":""MultiPoint"",""coordinates"":[]}"
568,2016-07-22,1.596426776220396,"{""type"":""MultiPoint"",""coordinates"":[]}"
569,2016-07-23,1.4230262215896834,"{""type"":""MultiPoint"",""coordinates"":[]}"
580,2016-08-03,0.5077282038416647,"{""type"":""MultiPoint"",""coordinates"":[]}"
581,2016-08-04,0.5019305057046417,"{""type"":""MultiPoint"",""coordinates"":[]}"
582,2016-08-05,0.5508812307192725,"{""type"":""MultiPoint"",""coordinates"":[]}"
584,2016-08-07,0.5370059993514209,"{""type"":""MultiPoint"",""coordinates"":[]}"
585,2016-08-08,0.46883333333333344,"{""type"":""MultiPoint"",""coordinates"":[]}"
586,2016-08-09,0.7243,"{""type"":""MultiPoint"",""coordinates"":[]}"
592,2016-08-15,0.9279413713189589,"{""type"":""MultiPoint"",""coordinates"":[]}"
593,2016-08-16,0.9698771243806638,"{""type"":""MultiPoint"",""coordinates"":[]}"
598,2016-08-21,0.3701654119006355,"{""type"":""MultiPoint"",""coordinates"":[]}"
599,2016-08-22,0.5413662385321099,"{""type"":""MultiPoint"",""coordinates"":[]}"
604,2016-08-27,0.6036263204343061,"{""type"":""MultiPoint"",""coordinates"":[]}"
611,2016-09-03,0.42973017267839553,"{""type"":""MultiPoint"",""coordinates"":[]}"
612,2016-09-04,0.605326734969598,"{""type"":""MultiPoint"",""coordinates"":[]}"
613,2016-09-05,0.5487350044399607,"{""type"":""MultiPoint"",""coordinates"":[]}"
614,2016-09-06,0.8982395714372167,"{""type"":""MultiPoint"",""coordinates"":[]}"
615,2016-09-07,0.8646917642833681,"{""type"":""MultiPoint"",""coordinates"":[]}"
616,2016-09-08,0.7817406379615367,"{""type"":""MultiPoint"",""coordinates"":[]}"
617,2016-09-09,0.5414174493917665,"{""type"":""MultiPoint"",""coordinates"":[]}"
618,2016-09-10,0.48163399591504247,"{""type"":""MultiPoint"",""coordinates"":[]}"
619,2016-09-11,0.47352754967250194,"{""type"":""MultiPoint"",""coordinates"":[]}"
620,2016-09-12,0.6347441633393176,"{""type"":""MultiPoint"",""coordinates"":[]}"
621,2016-09-13,0.7772753812425471,"{""type"":""MultiPoint"",""coordinates"":[]}"
622,2016-09-14,0.899132803015782,"{""type"":""MultiPoint"",""coordinates"":[]}"
623,2016-09-15,0.8294668535804144,"{""type"":""MultiPoint"",""coordinates"":[]}"
624,2016-09-16,0.606366647700184,"{""type"":""MultiPoint"",""coordinates"":[]}"
627,2016-09-19,0.9275457439003534,"{""type"":""MultiPoint"",""coordinates"":[]}"
628,2016-09-20,1.047603601037782,"{""type"":""MultiPoint"",""coordinates"":[]}"
629,2016-09-21,1.4264841611008205,"{""type"":""MultiPoint"",""coordinates"":[]}"
630,2016-09-22,1.3213174057542731,"{""type"":""MultiPoint"",""coordinates"":[]}"
631,2016-09-23,0.7814655637821996,"{""type"":""MultiPoint"",""coordinates"":[]}"
632,2016-09-24,1.5375002568053415,"{""type"":""MultiPoint"",""coordinates"":[]}"
633,2016-09-25,0.5649824120603015,"{""type"":""MultiPoint"",""coordinates"":[]}"
635,2016-09-27,1.1703697593617286,"{""type"":""MultiPoint"",""coordinates"":[]}"
636,2016-09-28,1.01133836580507,"{""type"":""MultiPoint"",""coordinates"":[]}"
637,2016-09-29,2.0715366997506703,"{""type"":""MultiPoint"",""coordinates"":[]}"
638,2016-09-30,1.4575192604006162,"{""type"":""MultiPoint"",""coordinates"":[]}"
639,2016-10-01,2.5515980513622436,"{""type"":""MultiPoint"",""coordinates"":[]}"
641,2016-10-03,1.8160663761860154,"{""type"":""MultiPoint"",""coordinates"":[]}"
642,2016-10-04,2.526718987585411,"{""type"":""MultiPoint"",""coordinates"":[]}"
644,2016-10-06,1.6409972223163174,"{""type"":""MultiPoint"",""coordinates"":[]}"
645,2016-10-07,1.1186628826420797,"{""type"":""MultiPoint"",""coordinates"":[]}"
646,2016-10-08,0.7660799422689172,"{""type"":""MultiPoint"",""coordinates"":[]}"
647,2016-10-09,1.0052348924605372,"{""type"":""MultiPoint"",""coordinates"":[]}"
648,2016-10-10,0.6856025325157782,"{""type"":""MultiPoint"",""coordinates"":[]}"
649,2016-10-11,0.5262687932352695,"{""type"":""MultiPoint"",""coordinates"":[]}"
650,2016-10-12,0.4254510149170282,"{""type"":""MultiPoint"",""coordinates"":[]}"
651,2016-10-13,0.2879735653435682,"{""type"":""MultiPoint"",""coordinates"":[]}"
652,2016-10-14,0.27964673135112655,"{""type"":""MultiPoint"",""coordinates"":[]}"
653,2016-10-15,0.8764565714040522,"{""type"":""MultiPoint"",""coordinates"":[]}"
654,2016-10-16,0.5520507503811454,"{""type"":""MultiPoint"",""coordinates"":[]}"
655,2016-10-17,0.9545414707852933,"{""type"":""MultiPoint"",""coordinates"":[]}"
656,2016-10-18,0.6751481690199232,"{""type"":""MultiPoint"",""coordinates"":[]}"
657,2016-10-19,0.5151767078512135,"{""type"":""MultiPoint"",""coordinates"":[]}"
658,2016-10-20,0.3493383416254649,"{""type"":""MultiPoint"",""coordinates"":[]}"
659,2016-10-21,0.3737237644854098,"{""type"":""MultiPoint"",""coordinates"":[]}"
660,2016-10-22,0.48402704076843683,"{""type"":""MultiPoint"",""coordinates"":[]}"
661,2016-10-23,1.4639524182686277,"{""type"":""MultiPoint"",""coordinates"":[]}"
662,2016-10-24,0.6091351192197761,"{""type"":""MultiPoint"",""coordinates"":[]}"
663,2016-10-25,0.42526608116747716,"{""type"":""MultiPoint"",""coordinates"":[]}"
664,2016-10-26,1.11713455681224,"{""type"":""MultiPoint"",""coordinates"":[]}"
665,2016-10-27,1.1337860003054334,"{""type"":""MultiPoint"",""coordinates"":[]}"
666,2016-10-28,1.0752674950169538,"{""type"":""MultiPoint"",""coordinates"":[]}"
667,2016-10-29,1.778072136374492,"{""type"":""MultiPoint"",""coordinates"":[]}"
668,2016-10-30,1.708938310279769,"{""type"":""MultiPoint"",""coordinates"":[]}"
669,2016-10-31,1.7337381095991151,"{""type"":""MultiPoint"",""coordinates"":[]}"
670,2016-11-01,1.4977811576359465,"{""type"":""MultiPoint"",""coordinates"":[]}"
671,2016-11-02,1.8204484534472,"{""type"":""MultiPoint"",""coordinates"":[]}"
672,2016-11-03,1.04051022317176,"{""type"":""MultiPoint"",""coordinates"":[]}"
673,2016-11-04,2.218969349976824,"{""type"":""MultiPoint"",""coordinates"":[]}"
674,2016-11-05,3.152967614195081,"{""type"":""MultiPoint"",""coordinates"":[]}"
675,2016-11-06,2.3056759506985895,"{""type"":""MultiPoint"",""coordinates"":[]}"
676,2016-11-07,1.8012710316813854,"{""type"":""MultiPoint"",""coordinates"":[]}"
677,2016-11-08,0.8890110447361828,"{""type"":""MultiPoint"",""coordinates"":[]}"
678,2016-11-09,1.4313987443915808,"{""type"":""MultiPoint"",""coordinates"":[]}"
679,2016-11-10,2.0177916268333203,"{""type"":""MultiPoint"",""coordinates"":[]}"
680,2016-11-11,1.808527291131359,"{""type"":""MultiPoint"",""coordinates"":[]}"
681,2016-11-12,1.183731618704752,"{""type"":""MultiPoint"",""coordinates"":[]}"
682,2016-11-13,1.0245632025925555,"{""type"":""MultiPoint"",""coordinates"":[]}"
683,2016-11-14,1.3546176897141908,"{""type"":""MultiPoint"",""coordinates"":[]}"
684,2016-11-15,1.6542372159532437,"{""type"":""MultiPoint"",""coordinates"":[]}"
685,2016-11-16,1.2403926763573998,"{""type"":""MultiPoint"",""coordinates"":[]}"
686,2016-11-17,0.7623806077939888,"{""type"":""MultiPoint"",""coordinates"":[]}"
687,2016-11-18,0.8078760353481333,"{""type"":""MultiPoint"",""coordinates"":[]}"
688,2016-11-19,0.8514735256845609,"{""type"":""MultiPoint"",""coordinates"":[]}"
689,2016-11-20,0.8527616501449135,"{""type"":""MultiPoint"",""coordinates"":[]}"
690,2016-11-21,0.6147658982217123,"{""type"":""MultiPoint"",""coordinates"":[]}"
691,2016-11-22,0.3253437012245782,"{""type"":""MultiPoint"",""coordinates"":[]}"
692,2016-11-23,0.6711254434969356,"{""type"":""MultiPoint"",""coordinates"":[]}"
693,2016-11-24,0.6154440973813015,"{""type"":""MultiPoint"",""coordinates"":[]}"
694,2016-11-25,0.3450028527263044,"{""type"":""MultiPoint"",""coordinates"":[]}"
695,2016-11-26,0.318593025648591,"{""type"":""MultiPoint"",""coordinates"":[]}"
696,2016-11-27,0.3756244842501283,"{""type"":""MultiPoint"",""coordinates"":[]}"
697,2016-11-28,0.2768290165063139,"{""type"":""MultiPoint"",""coordinates"":[]}"
698,2016-11-29,0.6222682282566769,"{""type"":""MultiPoint"",""coordinates"":[]}"
699,2016-11-30,1.2241695900486635,"{""type"":""MultiPoint"",""coordinates"":[]}"
700,2016-12-01,1.3652421452495234,"{""type"":""MultiPoint"",""coordinates"":[]}"
701,2016-12-02,1.4508337121967998,"{""type"":""MultiPoint"",""coordinates"":[]}"
702,2016-12-03,0.6104800614489426,"{""type"":""MultiPoint"",""coordinates"":[]}"
703,2016-12-04,0.6409050132149839,"{""type"":""MultiPoint"",""coordinates"":[]}"
704,2016-12-05,0.6291774752353493,"{""type"":""MultiPoint"",""coordinates"":[]}"
705,2016-12-06,1.2734405867770808,"{""type"":""MultiPoint"",""coordinates"":[]}"
706,2016-12-07,0.9876079739970742,"{""type"":""MultiPoint"",""coordinates"":[]}"
707,2016-12-08,1.028808937352,"{""type"":""MultiPoint"",""coordinates"":[]}"
708,2016-12-09,0.8764978518217403,"{""type"":""MultiPoint"",""coordinates"":[]}"
709,2016-12-10,0.9075827961461124,"{""type"":""MultiPoint"",""coordinates"":[]}"
710,2016-12-11,0.775436244134007,"{""type"":""MultiPoint"",""coordinates"":[]}"
711,2016-12-12,0.6634033201583082,"{""type"":""MultiPoint"",""coordinates"":[]}"
712,2016-12-13,0.9738363335968211,"{""type"":""MultiPoint"",""coordinates"":[]}"
713,2016-12-14,0.5835166965825909,"{""type"":""MultiPoint"",""coordinates"":[]}"
714,2016-12-15,0.46819354151945136,"{""type"":""MultiPoint"",""coordinates"":[]}"
715,2016-12-16,0.6795609738457236,"{""type"":""MultiPoint"",""coordinates"":[]}"
716,2016-12-17,0.6856031123593825,"{""type"":""MultiPoint"",""coordinates"":[]}"
717,2016-12-18,0.8109149656302284,"{""type"":""MultiPoint"",""coordinates"":[]}"
718,2016-12-19,0.7233139137592313,"{""type"":""MultiPoint"",""coordinates"":[]}"
719,2016-12-20,0.678999082407327,"{""type"":""MultiPoint"",""coordinates"":[]}"
720,2016-12-21,0.3822150646533286,"{""type"":""MultiPoint"",""coordinates"":[]}"
721,2016-12-22,0.6104833112023971,"{""type"":""MultiPoint"",""coordinates"":[]}"
722,2016-12-23,1.1682968556518365,"{""type"":""MultiPoint"",""coordinates"":[]}"
723,2016-12-24,1.0427724854880853,"{""type"":""MultiPoint"",""coordinates"":[]}"
725,2016-12-26,0.6221367200138744,"{""type"":""MultiPoint"",""coordinates"":[]}"
726,2016-12-27,0.5431321258303231,"{""type"":""MultiPoint"",""coordinates"":[]}"
727,2016-12-28,0.5980601973532826,"{""type"":""MultiPoint"",""coordinates"":[]}"
728,2016-12-29,1.3693318041198903,"{""type"":""MultiPoint"",""coordinates"":[]}"
729,2016-12-30,2.01494584737526,"{""type"":""MultiPoint"",""coordinates"":[]}"
730,2016-12-31,1.004774587935429,"{""type"":""MultiPoint"",""coordinates"":[]}"
731,2017-01-01,1.4175597345719375,"{""type"":""MultiPoint"",""coordinates"":[]}"
732,2017-01-02,0.9701553510532415,"{""type"":""MultiPoint"",""coordinates"":[]}"
733,2017-01-03,0.8366842858966738,"{""type"":""MultiPoint"",""coordinates"":[]}"
734,2017-01-04,0.7433016938579532,"{""type"":""MultiPoint"",""coordinates"":[]}"
735,2017-01-05,0.9534635085430585,"{""type"":""MultiPoint"",""coordinates"":[]}"
736,2017-01-06,0.9770814457326126,"{""type"":""MultiPoint"",""coordinates"":[]}"
738,2017-01-08,1.4453465323010344,"{""type"":""MultiPoint"",""coordinates"":[]}"
739,2017-01-09,0.8960645395685556,"{""type"":""MultiPoint"",""coordinates"":[]}"
740,2017-01-10,0.44267217414195004,"{""type"":""MultiPoint"",""coordinates"":[]}"
741,2017-01-11,0.6397671051132082,"{""type"":""MultiPoint"",""coordinates"":[]}"
742,2017-01-12,0.9321494563065684,"{""type"":""MultiPoint"",""coordinates"":[]}"
743,2017-01-13,0.7017418342017447,"{""type"":""MultiPoint"",""coordinates"":[]}"
744,2017-01-14,0.746022386921259,"{""type"":""MultiPoint"",""coordinates"":[]}"
745,2017-01-15,0.6575521710948298,"{""type"":""MultiPoint"",""coordinates"":[]}"
746,2017-01-16,1.647735914824552,"{""type"":""MultiPoint"",""coordinates"":[]}"
747,2017-01-17,1.297651202219946,"{""type"":""MultiPoint"",""coordinates"":[]}"
748,2017-01-18,0.6875524366512812,"{""type"":""MultiPoint"",""coordinates"":[]}"
749,2017-01-19,0.46520143026072036,"{""type"":""MultiPoint"",""coordinates"":[]}"
750,2017-01-20,0.3855967599332719,"{""type"":""MultiPoint"",""coordinates"":[]}"
751,2017-01-21,1.5536542211348863,"{""type"":""MultiPoint"",""coordinates"":[]}"
752,2017-01-22,1.330503057486699,"{""type"":""MultiPoint"",""coordinates"":[]}"
753,2017-01-23,0.9092105626905456,"{""type"":""MultiPoint"",""coordinates"":[]}"
754,2017-01-24,1.017936309033208,"{""type"":""MultiPoint"",""coordinates"":[]}"
757,2017-01-27,0.579,"{""type"":""MultiPoint"",""coordinates"":[]}"
758,2017-01-28,0.8639523845847901,"{""type"":""MultiPoint"",""coordinates"":[]}"
760,2017-01-30,1.0136962317878655,"{""type"":""MultiPoint"",""coordinates"":[]}"
761,2017-01-31,1.0978369670750159,"{""type"":""MultiPoint"",""coordinates"":[]}"
762,2017-02-01,0.5268039280310612,"{""type"":""MultiPoint"",""coordinates"":[]}"
763,2017-02-02,0.552913368263299,"{""type"":""MultiPoint"",""coordinates"":[]}"
764,2017-02-03,0.7431238716800661,"{""type"":""MultiPoint"",""coordinates"":[]}"
766,2017-02-05,1.9452818244644092,"{""type"":""MultiPoint"",""coordinates"":[]}"
767,2017-02-06,0.8498589725270638,"{""type"":""MultiPoint"",""coordinates"":[]}"
768,2017-02-07,0.3392252512883082,"{""type"":""MultiPoint"",""coordinates"":[]}"
769,2017-02-08,0.35498835864004924,"{""type"":""MultiPoint"",""coordinates"":[]}"
770,2017-02-09,0.7039099575996796,"{""type"":""MultiPoint"",""coordinates"":[]}"
771,2017-02-10,0.3775548898978397,"{""type"":""MultiPoint"",""coordinates"":[]}"
772,2017-02-11,0.3886479592034886,"{""type"":""MultiPoint"",""coordinates"":[]}"
773,2017-02-12,1.009159560917857,"{""type"":""MultiPoint"",""coordinates"":[]}"
774,2017-02-13,0.5458894333542892,"{""type"":""MultiPoint"",""coordinates"":[]}"
775,2017-02-14,0.44014106337213377,"{""type"":""MultiPoint"",""coordinates"":[]}"
776,2017-02-15,0.43937779319562775,"{""type"":""MultiPoint"",""coordinates"":[]}"
777,2017-02-16,0.3766895154185022,"{""type"":""MultiPoint"",""coordinates"":[]}"
778,2017-02-17,0.4857212633759059,"{""type"":""MultiPoint"",""coordinates"":[]}"
779,2017-02-18,0.30673924115044204,"{""type"":""MultiPoint"",""coordinates"":[]}"
780,2017-02-19,0.3677313320958003,"{""type"":""MultiPoint"",""coordinates"":[]}"
781,2017-02-20,0.5535658369802302,"{""type"":""MultiPoint"",""coordinates"":[]}"
782,2017-02-21,1.1265918709458644,"{""type"":""MultiPoint"",""coordinates"":[]}"
783,2017-02-22,0.44500322291827826,"{""type"":""MultiPoint"",""coordinates"":[]}"
784,2017-02-23,0.2530256595925323,"{""type"":""MultiPoint"",""coordinates"":[]}"
785,2017-02-24,0.23153451818248794,"{""type"":""MultiPoint"",""coordinates"":[]}"
786,2017-02-25,0.29302343268615855,"{""type"":""MultiPoint"",""coordinates"":[]}"
787,2017-02-26,0.2525166729497896,"{""type"":""MultiPoint"",""coordinates"":[]}"
788,2017-02-27,0.29697746358658883,"{""type"":""MultiPoint"",""coordinates"":[]}"
789,2017-02-28,0.4512793249635721,"{""type"":""MultiPoint"",""coordinates"":[]}"
790,2017-03-01,0.5744187362789702,"{""type"":""MultiPoint"",""coordinates"":[]}"
791,2017-03-02,0.8784570288881745,"{""type"":""MultiPoint"",""coordinates"":[]}"
792,2017-03-03,0.2593063003320551,"{""type"":""MultiPoint"",""coordinates"":[]}"
793,2017-03-04,0.2321947552809824,"{""type"":""MultiPoint"",""coordinates"":[]}"
794,2017-03-05,0.22135230058213445,"{""type"":""MultiPoint"",""coordinates"":[]}"
795,2017-03-06,0.3823366584607958,"{""type"":""MultiPoint"",""coordinates"":[]}"
796,2017-03-07,0.4450975366064714,"{""type"":""MultiPoint"",""coordinates"":[]}"
797,2017-03-08,0.5507667823737269,"{""type"":""MultiPoint"",""coordinates"":[]}"
798,2017-03-09,0.8228627941069638,"{""type"":""MultiPoint"",""coordinates"":[]}"
799,2017-03-10,0.8169149217072174,"{""type"":""MultiPoint"",""coordinates"":[]}"
800,2017-03-11,0.5991126179621259,"{""type"":""MultiPoint"",""coordinates"":[]}"
801,2017-03-12,0.5547675038497917,"{""type"":""MultiPoint"",""coordinates"":[]}"
802,2017-03-13,0.37525058821702356,"{""type"":""MultiPoint"",""coordinates"":[]}"
803,2017-03-14,0.49913887965280007,"{""type"":""MultiPoint"",""coordinates"":[]}"
804,2017-03-15,0.5656327609875829,"{""type"":""MultiPoint"",""coordinates"":[]}"
805,2017-03-16,0.6937156132719021,"{""type"":""MultiPoint"",""coordinates"":[]}"
806,2017-03-17,0.4997230758636976,"{""type"":""MultiPoint"",""coordinates"":[]}"
807,2017-03-18,0.43651677972387126,"{""type"":""MultiPoint"",""coordinates"":[]}"
808,2017-03-19,0.9628401065760998,"{""type"":""MultiPoint"",""coordinates"":[]}"
809,2017-03-20,0.626395019115433,"{""type"":""MultiPoint"",""coordinates"":[]}"
810,2017-03-21,0.4388131001438335,"{""type"":""MultiPoint"",""coordinates"":[]}"
811,2017-03-22,0.4349971588990853,"{""type"":""MultiPoint"",""coordinates"":[]}"
812,2017-03-23,0.5348795255178759,"{""type"":""MultiPoint"",""coordinates"":[]}"
813,2017-03-24,0.8106589554510643,"{""type"":""MultiPoint"",""coordinates"":[]}"
814,2017-03-25,0.28710680181993137,"{""type"":""MultiPoint"",""coordinates"":[]}"
815,2017-03-26,0.2557642969154995,"{""type"":""MultiPoint"",""coordinates"":[]}"
816,2017-03-27,0.42086729138032297,"{""type"":""MultiPoint"",""coordinates"":[]}"
817,2017-03-28,0.5763193378259583,"{""type"":""MultiPoint"",""coordinates"":[]}"
818,2017-03-29,0.5520302287898903,"{""type"":""MultiPoint"",""coordinates"":[]}"
819,2017-03-30,0.30428846188690145,"{""type"":""MultiPoint"",""coordinates"":[]}"
820,2017-03-31,0.6075116182267817,"{""type"":""MultiPoint"",""coordinates"":[]}"
821,2017-04-01,0.33975535079184743,"{""type"":""MultiPoint"",""coordinates"":[]}"
822,2017-04-02,0.28937670197267407,"{""type"":""MultiPoint"",""coordinates"":[]}"
823,2017-04-03,0.39450230045271345,"{""type"":""MultiPoint"",""coordinates"":[]}"
824,2017-04-04,0.537826152638807,"{""type"":""MultiPoint"",""coordinates"":[]}"
825,2017-04-05,0.6169733786880205,"{""type"":""MultiPoint"",""coordinates"":[]}"
826,2017-04-06,0.4444327659530415,"{""type"":""MultiPoint"",""coordinates"":[]}"
827,2017-04-07,1.1778773719576454,"{""type"":""MultiPoint"",""coordinates"":[]}"
828,2017-04-08,0.4362192155290474,"{""type"":""MultiPoint"",""coordinates"":[]}"
829,2017-04-09,0.2965176323178642,"{""type"":""MultiPoint"",""coordinates"":[]}"
830,2017-04-10,0.2710481299657307,"{""type"":""MultiPoint"",""coordinates"":[]}"
831,2017-04-11,0.4774189611160113,"{""type"":""MultiPoint"",""coordinates"":[]}"
832,2017-04-12,0.5383147051662595,"{""type"":""MultiPoint"",""coordinates"":[]}"
833,2017-04-13,0.4730133133078175,"{""type"":""MultiPoint"",""coordinates"":[]}"
834,2017-04-14,0.7593375174466618,"{""type"":""MultiPoint"",""coordinates"":[]}"
835,2017-04-15,0.5729706025940524,"{""type"":""MultiPoint"",""coordinates"":[]}"
836,2017-04-16,0.5430718117705314,"{""type"":""MultiPoint"",""coordinates"":[]}"
837,2017-04-17,0.549373210572707,"{""type"":""MultiPoint"",""coordinates"":[]}"
838,2017-04-18,0.8008676557819201,"{""type"":""MultiPoint"",""coordinates"":[]}"
839,2017-04-19,0.48202909116803583,"{""type"":""MultiPoint"",""coordinates"":[]}"
840,2017-04-20,0.7159700857412712,"{""type"":""MultiPoint"",""coordinates"":[]}"
841,2017-04-21,1.0720278140875716,"{""type"":""MultiPoint"",""coordinates"":[]}"
842,2017-04-22,1.0972730206375905,"{""type"":""MultiPoint"",""coordinates"":[]}"
843,2017-04-23,0.7917127281947254,"{""type"":""MultiPoint"",""coordinates"":[]}"
844,2017-04-24,0.6456641980427794,"{""type"":""MultiPoint"",""coordinates"":[]}"
845,2017-04-25,0.710668780330035,"{""type"":""MultiPoint"",""coordinates"":[]}"
846,2017-04-26,0.5128164586782774,"{""type"":""MultiPoint"",""coordinates"":[]}"
847,2017-04-27,0.6503465433124369,"{""type"":""MultiPoint"",""coordinates"":[]}"
848,2017-04-28,0.7116393145727661,"{""type"":""MultiPoint"",""coordinates"":[]}"
849,2017-04-29,0.9713809168124969,"{""type"":""MultiPoint"",""coordinates"":[]}"
850,2017-04-30,0.916114933596312,"{""type"":""MultiPoint"",""coordinates"":[]}"
851,2017-05-01,0.3062246024780482,"{""type"":""MultiPoint"",""coordinates"":[]}"
852,2017-05-02,0.8420196399207545,"{""type"":""MultiPoint"",""coordinates"":[]}"
854,2017-05-04,0.6832883309635392,"{""type"":""MultiPoint"",""coordinates"":[]}"
855,2017-05-05,0.6993883751125487,"{""type"":""MultiPoint"",""coordinates"":[]}"
856,2017-05-06,0.8583971296924102,"{""type"":""MultiPoint"",""coordinates"":[]}"
857,2017-05-07,0.7739073858182308,"{""type"":""MultiPoint"",""coordinates"":[]}"
858,2017-05-08,0.8527700374251748,"{""type"":""MultiPoint"",""coordinates"":[]}"
859,2017-05-09,0.7153467905113179,"{""type"":""MultiPoint"",""coordinates"":[]}"
860,2017-05-10,0.7851175405364577,"{""type"":""MultiPoint"",""coordinates"":[]}"
861,2017-05-11,0.7896713482925848,"{""type"":""MultiPoint"",""coordinates"":[]}"
862,2017-05-12,0.9978705111973166,"{""type"":""MultiPoint"",""coordinates"":[]}"
863,2017-05-13,0.9098119833280778,"{""type"":""MultiPoint"",""coordinates"":[]}"
864,2017-05-14,0.6008560591527254,"{""type"":""MultiPoint"",""coordinates"":[]}"
865,2017-05-15,0.48763111016958915,"{""type"":""MultiPoint"",""coordinates"":[]}"
866,2017-05-16,0.7977312999211087,"{""type"":""MultiPoint"",""coordinates"":[]}"
867,2017-05-17,0.5359775768449737,"{""type"":""MultiPoint"",""coordinates"":[]}"
868,2017-05-18,0.7012697663139881,"{""type"":""MultiPoint"",""coordinates"":[]}"
869,2017-05-19,0.4246720643004319,"{""type"":""MultiPoint"",""coordinates"":[]}"
870,2017-05-20,1.4084181692094313,"{""type"":""MultiPoint"",""coordinates"":[]}"
871,2017-05-21,1.005272700611659,"{""type"":""MultiPoint"",""coordinates"":[]}"
873,2017-05-23,0.6231108113093283,"{""type"":""MultiPoint"",""coordinates"":[]}"
874,2017-05-24,0.6110459802336364,"{""type"":""MultiPoint"",""coordinates"":[]}"
875,2017-05-25,0.6365284078617064,"{""type"":""MultiPoint"",""coordinates"":[]}"
876,2017-05-26,0.5563923895612707,"{""type"":""MultiPoint"",""coordinates"":[]}"
877,2017-05-27,0.7224157636971767,"{""type"":""MultiPoint"",""coordinates"":[]}"
878,2017-05-28,0.6335175721695615,"{""type"":""MultiPoint"",""coordinates"":[]}"
879,2017-05-29,0.791655921082307,"{""type"":""MultiPoint"",""coordinates"":[]}"
880,2017-05-30,0.6060614145738722,"{""type"":""MultiPoint"",""coordinates"":[]}"
881,2017-05-31,1.6460000000000001,"{""type"":""MultiPoint"",""coordinates"":[]}"
882,2017-06-01,1.0084135736418858,"{""type"":""MultiPoint"",""coordinates"":[]}"
883,2017-06-02,0.5848917107323185,"{""type"":""MultiPoint"",""coordinates"":[]}"
884,2017-06-03,0.7078726085747818,"{""type"":""MultiPoint"",""coordinates"":[]}"
885,2017-06-04,0.515667955379647,"{""type"":""MultiPoint"",""coordinates"":[]}"
886,2017-06-05,1.1175886464442795,"{""type"":""MultiPoint"",""coordinates"":[]}"
887,2017-06-06,1.0377227341693387,"{""type"":""MultiPoint"",""coordinates"":[]}"
888,2017-06-07,0.9109607123388431,"{""type"":""MultiPoint"",""coordinates"":[]}"
889,2017-06-08,0.6289227916416807,"{""type"":""MultiPoint"",""coordinates"":[]}"
890,2017-06-09,0.6313171065959599,"{""type"":""MultiPoint"",""coordinates"":[]}"
891,2017-06-10,0.7966037427033376,"{""type"":""MultiPoint"",""coordinates"":[]}"
892,2017-06-11,0.43074351313112674,"{""type"":""MultiPoint"",""coordinates"":[]}"
893,2017-06-12,0.6021519156918481,"{""type"":""MultiPoint"",""coordinates"":[]}"
894,2017-06-13,0.5693224480332569,"{""type"":""MultiPoint"",""coordinates"":[]}"
895,2017-06-14,0.8943693815783119,"{""type"":""MultiPoint"",""coordinates"":[]}"
896,2017-06-15,0.6902555587691285,"{""type"":""MultiPoint"",""coordinates"":[]}"
897,2017-06-16,0.6515200024489568,"{""type"":""MultiPoint"",""coordinates"":[]}"
898,2017-06-17,1.4954583333333336,"{""type"":""MultiPoint"",""coordinates"":[]}"
899,2017-06-18,1.2102490017591718,"{""type"":""MultiPoint"",""coordinates"":[]}"
900,2017-06-19,1.2801422809171283,"{""type"":""MultiPoint"",""coordinates"":[]}"
901,2017-06-20,0.7863589146759314,"{""type"":""MultiPoint"",""coordinates"":[]}"
902,2017-06-21,1.4228269158878508,"{""type"":""MultiPoint"",""coordinates"":[]}"
904,2017-06-23,1.121769504489286,"{""type"":""MultiPoint"",""coordinates"":[]}"
905,2017-06-24,0.859231961691421,"{""type"":""MultiPoint"",""coordinates"":[]}"
906,2017-06-25,1.2369392398039396,"{""type"":""MultiPoint"",""coordinates"":[]}"
907,2017-06-26,0.8805814698346142,"{""type"":""MultiPoint"",""coordinates"":[]}"
918,2017-07-07,1.8388519146207394,"{""type"":""MultiPoint"",""coordinates"":[]}"
919,2017-07-08,1.0197255782226595,"{""type"":""MultiPoint"",""coordinates"":[]}"
920,2017-07-09,0.9044736659912191,"{""type"":""MultiPoint"",""coordinates"":[]}"
921,2017-07-10,1.0146116504854372,"{""type"":""MultiPoint"",""coordinates"":[]}"
924,2017-07-13,0.592,"{""type"":""MultiPoint"",""coordinates"":[]}"
929,2017-07-18,0.4555792385557968,"{""type"":""MultiPoint"",""coordinates"":[]}"
930,2017-07-19,0.6714561524787674,"{""type"":""MultiPoint"",""coordinates"":[]}"
931,2017-07-20,0.595,"{""type"":""MultiPoint"",""coordinates"":[]}"
932,2017-07-21,0.42662822506393877,"{""type"":""MultiPoint"",""coordinates"":[]}"
938,2017-07-27,0.550425008313934,"{""type"":""MultiPoint"",""coordinates"":[]}"
939,2017-07-28,0.02,"{""type"":""MultiPoint"",""coordinates"":[]}"
945,2017-08-03,2.0587402404159643,"{""type"":""MultiPoint"",""coordinates"":[]}"
948,2017-08-06,1.3947224780134508,"{""type"":""MultiPoint"",""coordinates"":[]}"
957,2017-08-15,1.0201203201633393,"{""type"":""MultiPoint"",""coordinates"":[]}"
958,2017-08-16,0.6138699223181097,"{""type"":""MultiPoint"",""coordinates"":[]}"
959,2017-08-17,0.8667859238731784,"{""type"":""MultiPoint"",""coordinates"":[]}"
960,2017-08-18,0.6269571332377132,"{""type"":""MultiPoint"",""coordinates"":[]}"
962,2017-08-20,0.5176666666666666,"{""type"":""MultiPoint"",""coordinates"":[]}"
963,2017-08-21,0.5589376947040497,"{""type"":""MultiPoint"",""coordinates"":[]}"
968,2017-08-26,0.594,"{""type"":""MultiPoint"",""coordinates"":[]}"
969,2017-08-27,0.4186866632954532,"{""type"":""MultiPoint"",""coordinates"":[]}"
971,2017-08-29,0.56,"{""type"":""MultiPoint"",""coordinates"":[]}"
976,2017-09-03,0.5399621594631304,"{""type"":""MultiPoint"",""coordinates"":[]}"
977,2017-09-04,0.6167103971924155,"{""type"":""MultiPoint"",""coordinates"":[]}"
978,2017-09-05,0.6534803658337685,"{""type"":""MultiPoint"",""coordinates"":[]}"
979,2017-09-06,0.5933090068913125,"{""type"":""MultiPoint"",""coordinates"":[]}"
981,2017-09-08,0.6575068478284465,"{""type"":""MultiPoint"",""coordinates"":[]}"
982,2017-09-09,0.958502480568877,"{""type"":""MultiPoint"",""coordinates"":[]}"
983,2017-09-10,0.7583272889781927,"{""type"":""MultiPoint"",""coordinates"":[]}"
984,2017-09-11,0.9371733339558731,"{""type"":""MultiPoint"",""coordinates"":[]}"
985,2017-09-12,0.6146020176956971,"{""type"":""MultiPoint"",""coordinates"":[]}"
986,2017-09-13,1.0838049910406011,"{""type"":""MultiPoint"",""coordinates"":[]}"
987,2017-09-14,1.0026719592797997,"{""type"":""MultiPoint"",""coordinates"":[]}"
988,2017-09-15,0.573282537224587,"{""type"":""MultiPoint"",""coordinates"":[]}"
990,2017-09-17,0.5276124107391001,"{""type"":""MultiPoint"",""coordinates"":[]}"
991,2017-09-18,0.44655052783660515,"{""type"":""MultiPoint"",""coordinates"":[]}"
992,2017-09-19,0.9908135958229252,"{""type"":""MultiPoint"",""coordinates"":[]}"
993,2017-09-20,0.8586658266085166,"{""type"":""MultiPoint"",""coordinates"":[]}"
994,2017-09-21,0.5319691629955947,"{""type"":""MultiPoint"",""coordinates"":[]}"
997,2017-09-24,0.5167609900072534,"{""type"":""MultiPoint"",""coordinates"":[]}"
998,2017-09-25,0.5611807893472021,"{""type"":""MultiPoint"",""coordinates"":[]}"
999,2017-09-26,0.6070412580851569,"{""type"":""MultiPoint"",""coordinates"":[]}"
1000,2017-09-27,0.6546254367300463,"{""type"":""MultiPoint"",""coordinates"":[]}"
1001,2017-09-28,0.5992146065294008,"{""type"":""MultiPoint"",""coordinates"":[]}"
1002,2017-09-29,0.6876350579729356,"{""type"":""MultiPoint"",""coordinates"":[]}"
1003,2017-09-30,0.4616733740922813,"{""type"":""MultiPoint"",""coordinates"":[]}"
1004,2017-10-01,0.2975623846538134,"{""type"":""MultiPoint"",""coordinates"":[]}"
1005,2017-10-02,0.327562908755636,"{""type"":""MultiPoint"",""coordinates"":[]}"
1006,2017-10-03,0.49055154188276084,"{""type"":""MultiPoint"",""coordinates"":[]}"
1007,2017-10-04,0.532375007003887,"{""type"":""MultiPoint"",""coordinates"":[]}"
1008,2017-10-05,0.42969876789850686,"{""type"":""MultiPoint"",""coordinates"":[]}"
1009,2017-10-06,0.39970070389257695,"{""type"":""MultiPoint"",""coordinates"":[]}"
1010,2017-10-07,0.5026279097005972,"{""type"":""MultiPoint"",""coordinates"":[]}"
1011,2017-10-08,0.9491273415437815,"{""type"":""MultiPoint"",""coordinates"":[]}"
1012,2017-10-09,0.6126140219829238,"{""type"":""MultiPoint"",""coordinates"":[]}"
1013,2017-10-10,0.8827980624167406,"{""type"":""MultiPoint"",""coordinates"":[]}"
1014,2017-10-11,1.0543272210571086,"{""type"":""MultiPoint"",""coordinates"":[]}"
1015,2017-10-12,1.4241682265160631,"{""type"":""MultiPoint"",""coordinates"":[]}"
1016,2017-10-13,0.8169660470821559,"{""type"":""MultiPoint"",""coordinates"":[]}"
1017,2017-10-14,0.5536919807059631,"{""type"":""MultiPoint"",""coordinates"":[]}"
1018,2017-10-15,0.5921891159790547,"{""type"":""MultiPoint"",""coordinates"":[]}"
1019,2017-10-16,0.8140786019718532,"{""type"":""MultiPoint"",""coordinates"":[]}"
1020,2017-10-17,0.5403518844946246,"{""type"":""MultiPoint"",""coordinates"":[]}"
1021,2017-10-18,0.6694795666880172,"{""type"":""MultiPoint"",""coordinates"":[]}"
1022,2017-10-19,0.5680101989972489,"{""type"":""MultiPoint"",""coordinates"":[]}"
1023,2017-10-20,1.05598832117024,"{""type"":""MultiPoint"",""coordinates"":[]}"
1024,2017-10-21,1.383277728049476,"{""type"":""MultiPoint"",""coordinates"":[]}"
1025,2017-10-22,0.9876370516484044,"{""type"":""MultiPoint"",""coordinates"":[]}"
1026,2017-10-23,0.8973182555419179,"{""type"":""MultiPoint"",""coordinates"":[]}"
1027,2017-10-24,1.1221358698312056,"{""type"":""MultiPoint"",""coordinates"":[]}"
1028,2017-10-25,1.3059257763094563,"{""type"":""MultiPoint"",""coordinates"":[]}"
1029,2017-10-26,1.0431370726852456,"{""type"":""MultiPoint"",""coordinates"":[]}"
1030,2017-10-27,1.5588149711617827,"{""type"":""MultiPoint"",""coordinates"":[]}"
1031,2017-10-28,0.9307522182444468,"{""type"":""MultiPoint"",""coordinates"":[]}"
1032,2017-10-29,1.6361655192778553,"{""type"":""MultiPoint"",""coordinates"":[]}"
1033,2017-10-30,1.2622030170550582,"{""type"":""MultiPoint"",""coordinates"":[]}"
1034,2017-10-31,2.482804754222502,"{""type"":""MultiPoint"",""coordinates"":[]}"
1035,2017-11-01,1.276575682893834,"{""type"":""MultiPoint"",""coordinates"":[]}"
1036,2017-11-02,1.495275984615567,"{""type"":""MultiPoint"",""coordinates"":[]}"
1037,2017-11-03,2.0496156582409606,"{""type"":""MultiPoint"",""coordinates"":[]}"
1038,2017-11-04,1.5096624809356498,"{""type"":""MultiPoint"",""coordinates"":[]}"
1039,2017-11-05,1.4694983810915845,"{""type"":""MultiPoint"",""coordinates"":[]}"
1040,2017-11-06,1.838872719618496,"{""type"":""MultiPoint"",""coordinates"":[]}"
1041,2017-11-07,2.3244405550397538,"{""type"":""MultiPoint"",""coordinates"":[]}"
1042,2017-11-08,2.431119894681414,"{""type"":""MultiPoint"",""coordinates"":[]}"
1043,2017-11-09,2.0303310545813353,"{""type"":""MultiPoint"",""coordinates"":[]}"
1044,2017-11-10,2.0124176425019393,"{""type"":""MultiPoint"",""coordinates"":[]}"
1045,2017-11-11,2.317555784675494,"{""type"":""MultiPoint"",""coordinates"":[]}"
1046,2017-11-12,2.2583597234080792,"{""type"":""MultiPoint"",""coordinates"":[]}"
1047,2017-11-13,1.8088352069407183,"{""type"":""MultiPoint"",""coordinates"":[]}"
1048,2017-11-14,1.8405583976653295,"{""type"":""MultiPoint"",""coordinates"":[]}"
1049,2017-11-15,2.2630954420159464,"{""type"":""MultiPoint"",""coordinates"":[]}"
1050,2017-11-16,2.022161013702819,"{""type"":""MultiPoint"",""coordinates"":[]}"
1051,2017-11-17,1.726433620818505,"{""type"":""MultiPoint"",""coordinates"":[]}"
1052,2017-11-18,1.7271943170123325,"{""type"":""MultiPoint"",""coordinates"":[]}"
1053,2017-11-19,1.6731250117428076,"{""type"":""MultiPoint"",""coordinates"":[]}"
1054,2017-11-20,0.9696468079881444,"{""type"":""MultiPoint"",""coordinates"":[]}"
1055,2017-11-21,1.285211435100534,"{""type"":""MultiPoint"",""coordinates"":[]}"
1056,2017-11-22,0.7987254665800458,"{""type"":""MultiPoint"",""coordinates"":[]}"
1057,2017-11-23,0.7036220322960967,"{""type"":""MultiPoint"",""coordinates"":[]}"
1058,2017-11-24,0.8182761612374295,"{""type"":""MultiPoint"",""coordinates"":[]}"
1059,2017-11-25,0.6910473666772771,"{""type"":""MultiPoint"",""coordinates"":[]}"
1060,2017-11-26,0.978607706036646,"{""type"":""MultiPoint"",""coordinates"":[]}"
1061,2017-11-27,0.7915925264290018,"{""type"":""MultiPoint"",""coordinates"":[]}"
1062,2017-11-28,0.5695530008521477,"{""type"":""MultiPoint"",""coordinates"":[]}"
1063,2017-11-29,0.5468838988361568,"{""type"":""MultiPoint"",""coordinates"":[]}"
1064,2017-11-30,0.7696936508799312,"{""type"":""MultiPoint"",""coordinates"":[]}"
1065,2017-12-01,0.6747236562324247,"{""type"":""MultiPoint"",""coordinates"":[]}"
1066,2017-12-02,0.7741510151873523,"{""type"":""MultiPoint"",""coordinates"":[]}"
1068,2017-12-04,0.8945731056563498,"{""type"":""MultiPoint"",""coordinates"":[]}"
1070,2017-12-06,0.4458679478072855,"{""type"":""MultiPoint"",""coordinates"":[]}"
1071,2017-12-07,0.45270407659408946,"{""type"":""MultiPoint"",""coordinates"":[]}"
1072,2017-12-08,0.3976741422079259,"{""type"":""MultiPoint"",""coordinates"":[]}"
1073,2017-12-09,0.5856506961538746,"{""type"":""MultiPoint"",""coordinates"":[]}"
1074,2017-12-10,0.7134261428493771,"{""type"":""MultiPoint"",""coordinates"":[]}"
1076,2017-12-12,2.301676224426545,"{""type"":""MultiPoint"",""coordinates"":[]}"
1077,2017-12-13,1.1179506816281528,"{""type"":""MultiPoint"",""coordinates"":[]}"
1078,2017-12-14,0.8998397825619181,"{""type"":""MultiPoint"",""coordinates"":[]}"
1079,2017-12-15,0.7024661847268387,"{""type"":""MultiPoint"",""coordinates"":[]}"
1080,2017-12-16,0.5849397118211022,"{""type"":""MultiPoint"",""coordinates"":[]}"
1081,2017-12-17,0.29778806521249573,"{""type"":""MultiPoint"",""coordinates"":[]}"
1082,2017-12-18,0.38647118642532285,"{""type"":""MultiPoint"",""coordinates"":[]}"
1083,2017-12-19,0.6245666460012399,"{""type"":""MultiPoint"",""coordinates"":[]}"
1085,2017-12-21,1.5780012548055042,"{""type"":""MultiPoint"",""coordinates"":[]}"
1086,2017-12-22,0.5525139405493125,"{""type"":""MultiPoint"",""coordinates"":[]}"
1087,2017-12-23,0.4116143278453789,"{""type"":""MultiPoint"",""coordinates"":[]}"
1088,2017-12-24,0.6551243910925545,"{""type"":""MultiPoint"",""coordinates"":[]}"
1089,2017-12-25,1.3972616070943251,"{""type"":""MultiPoint"",""coordinates"":[]}"
1090,2017-12-26,0.923968110095589,"{""type"":""MultiPoint"",""coordinates"":[]}"
1091,2017-12-27,0.5485425296097773,"{""type"":""MultiPoint"",""coordinates"":[]}"
1092,2017-12-28,0.7605383542681671,"{""type"":""MultiPoint"",""coordinates"":[]}"
1093,2017-12-29,0.7572638025317777,"{""type"":""MultiPoint"",""coordinates"":[]}"
1094,2017-12-30,1.2673113619158853,"{""type"":""MultiPoint"",""coordinates"":[]}"
1095,2017-12-31,1.0130248981484598,"{""type"":""MultiPoint"",""coordinates"":[]}"
