system:index,Date,Sentinel_AAI,Sentinel_NO2,.geo
1,2018-06-29,-1.3736333778516583,8.039401928117836E-5,"{""type"":""MultiPoint"",""coordinates"":[]}"
2,2018-06-30,-0.6928459633512107,5.442713332884667E-5,"{""type"":""MultiPoint"",""coordinates"":[]}"
3,2018-07-01,-0.3895470169340141,4.099553644066759E-5,"{""type"":""MultiPoint"",""coordinates"":[]}"
4,2018-07-02,-0.3522927634709966,4.908162137688895E-5,"{""type"":""MultiPoint"",""coordinates"":[]}"
5,2018-07-03,-0.6549408529881705,1.2303118272854622E-4,"{""type"":""MultiPoint"",""coordinates"":[]}"
6,2018-07-04,-0.39161653467693736,1.0240787657535208E-4,"{""type"":""MultiPoint"",""coordinates"":[]}"
7,2018-07-05,0.48856412970693625,6.845975140642865E-5,"{""type"":""MultiPoint"",""coordinates"":[]}"
8,2018-07-06,0.9062584067469005,6.674855356873861E-5,"{""type"":""MultiPoint"",""coordinates"":[]}"
9,2018-07-07,0.3506525785846323,7.470930909342572E-5,"{""type"":""MultiPoint"",""coordinates"":[]}"
10,2018-07-08,-0.13043722955116785,8.960414527037039E-5,"{""type"":""MultiPoint"",""coordinates"":[]}"
11,2018-07-09,-0.6607304711639118,1.0466093367845935E-4,"{""type"":""MultiPoint"",""coordinates"":[]}"
12,2018-07-10,-0.6230011584276469,8.377793874198444E-5,"{""type"":""MultiPoint"",""coordinates"":[]}"
13,2018-07-11,-0.45703395784365186,5.31480363861192E-5,"{""type"":""MultiPoint"",""coordinates"":[]}"
14,2018-07-12,0.05714722458654618,4.01670768042095E-5,"{""type"":""MultiPoint"",""coordinates"":[]}"
16,2018-07-14,-1.1975351196443462,9.33743319873718E-5,"{""type"":""MultiPoint"",""coordinates"":[]}"
17,2018-07-15,-1.6043870820143815,5.743331851620017E-5,"{""type"":""MultiPoint"",""coordinates"":[]}"
18,2018-07-16,-0.6595853521759714,4.1414994484512135E-5,"{""type"":""MultiPoint"",""coordinates"":[]}"
20,2018-07-18,-0.6485336692461052,6.934178379542406E-5,"{""type"":""MultiPoint"",""coordinates"":[]}"
21,2018-07-19,-1.0904282601276696,8.345630849064893E-5,"{""type"":""MultiPoint"",""coordinates"":[]}"
24,2018-07-22,-0.4324450178087665,5.243266412024822E-5,"{""type"":""MultiPoint"",""coordinates"":[]}"
25,2018-07-23,-0.4669934251281792,5.0195367754610025E-5,"{""type"":""MultiPoint"",""coordinates"":[]}"
26,2018-07-24,-1.1269592948501925,8.191983545686348E-5,"{""type"":""MultiPoint"",""coordinates"":[]}"
30,2018-07-28,0.22158479204015127,2.8427319695417878E-5,"{""type"":""MultiPoint"",""coordinates"":[]}"
31,2018-07-29,0.11083490454784072,4.142633477325742E-5,"{""type"":""MultiPoint"",""coordinates"":[]}"
32,2018-07-30,-0.7317741630350363,5.941985352041691E-5,"{""type"":""MultiPoint"",""coordinates"":[]}"
34,2018-08-01,0.8448972064631013,4.659804173974995E-5,"{""type"":""MultiPoint"",""coordinates"":[]}"
35,2018-08-02,0.8947622910531483,5.182317406195996E-5,"{""type"":""MultiPoint"",""coordinates"":[]}"
36,2018-08-03,0.023046032680204984,4.822855024001798E-5,"{""type"":""MultiPoint"",""coordinates"":[]}"
37,2018-08-04,0.2211763488104897,6.377909615920203E-5,"{""type"":""MultiPoint"",""coordinates"":[]}"
41,2018-08-08,-0.9508276128753474,7.631146836340077E-5,"{""type"":""MultiPoint"",""coordinates"":[]}"
42,2018-08-09,-1.1429400092516484,7.561206746326481E-5,"{""type"":""MultiPoint"",""coordinates"":[]}"
43,2018-08-10,-1.327137364236149,5.541238415025353E-5,"{""type"":""MultiPoint"",""coordinates"":[]}"
44,2018-08-11,-1.9057763087702195,6.157112256694643E-5,"{""type"":""MultiPoint"",""coordinates"":[]}"
47,2018-08-14,-0.609631161682241,7.608025646510571E-5,"{""type"":""MultiPoint"",""coordinates"":[]}"
48,2018-08-15,-0.1987336179501369,5.3683191267106985E-5,"{""type"":""MultiPoint"",""coordinates"":[]}"
49,2018-08-16,-1.5238147815577885,5.4500294936588034E-5,"{""type"":""MultiPoint"",""coordinates"":[]}"
50,2018-08-17,-0.5349780086148925,3.9270104089128445E-5,"{""type"":""MultiPoint"",""coordinates"":[]}"
51,2018-08-18,-0.16447891870491285,5.087680683177693E-5,"{""type"":""MultiPoint"",""coordinates"":[]}"
53,2018-08-20,-1.2264536368549903,8.670999496367034E-5,"{""type"":""MultiPoint"",""coordinates"":[]}"
54,2018-08-21,-1.5833494012086384,6.268932353985674E-5,"{""type"":""MultiPoint"",""coordinates"":[]}"
57,2018-08-24,-0.08947204351291724,3.785104459124371E-5,"{""type"":""MultiPoint"",""coordinates"":[]}"
58,2018-08-25,-0.9590463299315911,1.0604910398013643E-4,"{""type"":""MultiPoint"",""coordinates"":[]}"
59,2018-08-26,-0.8309625234895756,5.2408877916283836E-5,"{""type"":""MultiPoint"",""coordinates"":[]}"
61,2018-08-28,-0.5427367519399351,2.361160396316538E-5,"{""type"":""MultiPoint"",""coordinates"":[]}"
63,2018-08-30,-0.9515912738745812,5.504081847263626E-5,"{""type"":""MultiPoint"",""coordinates"":[]}"
64,2018-08-31,-0.7829586080831119,5.239847236816405E-5,"{""type"":""MultiPoint"",""coordinates"":[]}"
69,2018-09-05,-1.2555146643563673,9.483082261755132E-5,"{""type"":""MultiPoint"",""coordinates"":[]}"
70,2018-09-06,-1.5437404007113213,5.533133207192579E-5,"{""type"":""MultiPoint"",""coordinates"":[]}"
71,2018-09-07,-1.5859412934330142,7.78241320750366E-5,"{""type"":""MultiPoint"",""coordinates"":[]}"
72,2018-09-08,-0.7066392624792318,3.665579804701461E-5,"{""type"":""MultiPoint"",""coordinates"":[]}"
73,2018-09-09,-0.834177439273377,5.779018100644223E-5,"{""type"":""MultiPoint"",""coordinates"":[]}"
74,2018-09-10,-1.0652808718738254,1.096962509964206E-4,"{""type"":""MultiPoint"",""coordinates"":[]}"
75,2018-09-11,-1.7723218234864078,4.94342858930664E-5,"{""type"":""MultiPoint"",""coordinates"":[]}"
76,2018-09-12,-0.7019658366679369,4.8258573562208156E-5,"{""type"":""MultiPoint"",""coordinates"":[]}"
77,2018-09-13,0.14028481870356613,5.291616978317952E-5,"{""type"":""MultiPoint"",""coordinates"":[]}"
78,2018-09-14,-0.32845429954972166,4.079062999455435E-5,"{""type"":""MultiPoint"",""coordinates"":[]}"
79,2018-09-15,-0.5120391686995389,7.346534959679185E-5,"{""type"":""MultiPoint"",""coordinates"":[]}"
80,2018-09-16,-0.28880546063013796,5.27073890099464E-5,"{""type"":""MultiPoint"",""coordinates"":[]}"
81,2018-09-17,0.012095965136355332,5.378096880153911E-5,"{""type"":""MultiPoint"",""coordinates"":[]}"
82,2018-09-18,0.19965271380415064,6.898172905354665E-5,"{""type"":""MultiPoint"",""coordinates"":[]}"
83,2018-09-19,-0.35572974357692616,7.213329478549778E-5,"{""type"":""MultiPoint"",""coordinates"":[]}"
84,2018-09-20,-0.7318625895190313,1.1652051775712999E-4,"{""type"":""MultiPoint"",""coordinates"":[]}"
85,2018-09-21,-1.3316674388677268,7.384104680232032E-5,"{""type"":""MultiPoint"",""coordinates"":[]}"
89,2018-09-25,-0.6407277808820343,3.5058869211999505E-5,"{""type"":""MultiPoint"",""coordinates"":[]}"
90,2018-09-26,-0.7528659356470172,7.35744078815909E-5,"{""type"":""MultiPoint"",""coordinates"":[]}"
91,2018-09-27,-0.9001474275905893,7.797930665720586E-5,"{""type"":""MultiPoint"",""coordinates"":[]}"
92,2018-09-28,-0.4815784478658802,9.392968499235712E-5,"{""type"":""MultiPoint"",""coordinates"":[]}"
93,2018-09-29,-0.07058551732930551,1.2115518290668955E-4,"{""type"":""MultiPoint"",""coordinates"":[]}"
94,2018-09-30,-0.3696610196508357,6.212678944609913E-5,"{""type"":""MultiPoint"",""coordinates"":[]}"
95,2018-10-01,-0.4107959966137621,8.054901828067735E-5,"{""type"":""MultiPoint"",""coordinates"":[]}"
96,2018-10-02,-0.5990851081312035,7.018976324719075E-5,"{""type"":""MultiPoint"",""coordinates"":[]}"
97,2018-10-03,-0.544490968488126,9.331913407500744E-5,"{""type"":""MultiPoint"",""coordinates"":[]}"
98,2018-10-04,0.040461788578043154,1.4917764668932477E-4,"{""type"":""MultiPoint"",""coordinates"":[]}"
99,2018-10-05,-0.2925984744045239,1.7201744977932867E-4,"{""type"":""MultiPoint"",""coordinates"":[]}"
100,2018-10-06,-0.16431652261804933,9.799064643879159E-5,"{""type"":""MultiPoint"",""coordinates"":[]}"
101,2018-10-07,-0.4284017910256357,9.321033044253492E-5,"{""type"":""MultiPoint"",""coordinates"":[]}"
102,2018-10-08,-0.15694957778492058,1.3684246292547554E-4,"{""type"":""MultiPoint"",""coordinates"":[]}"
103,2018-10-09,-0.13433330074988994,1.2679630064637296E-4,"{""type"":""MultiPoint"",""coordinates"":[]}"
104,2018-10-10,0.29573703071371293,1.3968336692831665E-4,"{""type"":""MultiPoint"",""coordinates"":[]}"
105,2018-10-11,-0.1937134666671532,1.023325060397902E-4,"{""type"":""MultiPoint"",""coordinates"":[]}"
106,2018-10-12,-0.7263141569562275,1.771059260518825E-4,"{""type"":""MultiPoint"",""coordinates"":[]}"
107,2018-10-13,-0.6812597641895779,9.28424191414502E-5,"{""type"":""MultiPoint"",""coordinates"":[]}"
108,2018-10-14,-0.3535248136025803,6.749089696534E-5,"{""type"":""MultiPoint"",""coordinates"":[]}"
109,2018-10-15,0.35902402739831474,1.078398659657432E-4,"{""type"":""MultiPoint"",""coordinates"":[]}"
110,2018-10-16,-0.16220695606715715,9.205832871864665E-5,"{""type"":""MultiPoint"",""coordinates"":[]}"
111,2018-10-17,-0.30321035047135,1.1578422926002397E-4,"{""type"":""MultiPoint"",""coordinates"":[]}"
112,2018-10-18,-0.7480075829473428,1.0446806202913503E-4,"{""type"":""MultiPoint"",""coordinates"":[]}"
113,2018-10-19,0.5074493719979619,1.1909736497993901E-4,"{""type"":""MultiPoint"",""coordinates"":[]}"
114,2018-10-20,0.602223940560938,1.2827400668048218E-4,"{""type"":""MultiPoint"",""coordinates"":[]}"
115,2018-10-21,0.16684740035039392,9.504354655645598E-5,"{""type"":""MultiPoint"",""coordinates"":[]}"
116,2018-10-22,-0.40068388494747353,8.174428660379194E-5,"{""type"":""MultiPoint"",""coordinates"":[]}"
117,2018-10-23,-0.31690359103094284,1.121024631615571E-4,"{""type"":""MultiPoint"",""coordinates"":[]}"
118,2018-10-24,0.052306139722300124,2.1705364047525346E-4,"{""type"":""MultiPoint"",""coordinates"":[]}"
119,2018-10-25,0.410727248390079,2.0242573726470106E-4,"{""type"":""MultiPoint"",""coordinates"":[]}"
120,2018-10-26,0.31570821795959336,7.720097683544346E-5,"{""type"":""MultiPoint"",""coordinates"":[]}"
121,2018-10-27,0.17178371679514357,1.4951179276969325E-4,"{""type"":""MultiPoint"",""coordinates"":[]}"
122,2018-10-28,-0.5022520904363664,8.340596818955791E-5,"{""type"":""MultiPoint"",""coordinates"":[]}"
123,2018-10-29,0.13960479680776092,1.3143113650833808E-4,"{""type"":""MultiPoint"",""coordinates"":[]}"
124,2018-10-30,0.895292336450179,1.403076458138933E-4,"{""type"":""MultiPoint"",""coordinates"":[]}"
125,2018-10-31,0.7486181930871316,1.5847400761882986E-4,"{""type"":""MultiPoint"",""coordinates"":[]}"
126,2018-11-01,0.09979243866833551,1.6996117417490046E-4,"{""type"":""MultiPoint"",""coordinates"":[]}"
127,2018-11-02,0.07585869651889272,1.7290696391614941E-4,"{""type"":""MultiPoint"",""coordinates"":[]}"
128,2018-11-03,-0.3126879291384099,1.2216022148466875E-4,"{""type"":""MultiPoint"",""coordinates"":[]}"
129,2018-11-04,0.008294498792355387,1.2640580947208052E-4,"{""type"":""MultiPoint"",""coordinates"":[]}"
130,2018-11-05,1.018918837394175,8.81158553220052E-5,"{""type"":""MultiPoint"",""coordinates"":[]}"
131,2018-11-06,-0.3202423452039965,6.441136903877433E-5,"{""type"":""MultiPoint"",""coordinates"":[]}"
132,2018-11-07,-0.5721716744782508,8.528773329846896E-5,"{""type"":""MultiPoint"",""coordinates"":[]}"
133,2018-11-08,1.707046764975841,6.0404966412826906E-5,"{""type"":""MultiPoint"",""coordinates"":[]}"
134,2018-11-09,0.4385705531155784,2.327116458264981E-4,"{""type"":""MultiPoint"",""coordinates"":[]}"
136,2018-11-11,0.1540235182512405,9.876240102700156E-5,"{""type"":""MultiPoint"",""coordinates"":[]}"
137,2018-11-12,-0.08385284584649322,2.8249995187173185E-4,"{""type"":""MultiPoint"",""coordinates"":[]}"
138,2018-11-13,-0.332636088295432,2.1172086353271068E-4,"{""type"":""MultiPoint"",""coordinates"":[]}"
139,2018-11-14,-0.6285620508194738,2.3274297587492116E-4,"{""type"":""MultiPoint"",""coordinates"":[]}"
140,2018-11-15,0.8699523951282357,1.7268919212264444E-4,"{""type"":""MultiPoint"",""coordinates"":[]}"
141,2018-11-16,-0.1818469541628689,8.700396444565396E-5,"{""type"":""MultiPoint"",""coordinates"":[]}"
142,2018-11-17,-0.5019983312942028,1.0514723243886853E-4,"{""type"":""MultiPoint"",""coordinates"":[]}"
143,2018-11-18,-0.5304168183186899,1.9262176537386528E-4,"{""type"":""MultiPoint"",""coordinates"":[]}"
144,2018-11-19,-1.0237495130570904,1.172874761665129E-4,"{""type"":""MultiPoint"",""coordinates"":[]}"
145,2018-11-20,0.11218266150039939,1.987071279923199E-4,"{""type"":""MultiPoint"",""coordinates"":[]}"
146,2018-11-21,0.358123517386028,8.200461945016771E-5,"{""type"":""MultiPoint"",""coordinates"":[]}"
147,2018-11-22,-0.15059247760192038,1.428702597985829E-4,"{""type"":""MultiPoint"",""coordinates"":[]}"
148,2018-11-23,-0.6222593816702223,7.561910170071577E-5,"{""type"":""MultiPoint"",""coordinates"":[]}"
149,2018-11-24,-0.6991274898524866,7.801405764748611E-5,"{""type"":""MultiPoint"",""coordinates"":[]}"
150,2018-11-25,-0.5774634897178303,1.4832178793833915E-4,"{""type"":""MultiPoint"",""coordinates"":[]}"
151,2018-11-26,0.05508633299536344,2.1279247419821661E-4,"{""type"":""MultiPoint"",""coordinates"":[]}"
152,2018-11-27,-0.14728773178478224,1.408265976290965E-4,"{""type"":""MultiPoint"",""coordinates"":[]}"
153,2018-11-28,-0.4514717592152908,3.677962966162871E-4,"{""type"":""MultiPoint"",""coordinates"":[]}"
154,2018-11-29,-0.7395422361194506,1.3094972181168727E-4,"{""type"":""MultiPoint"",""coordinates"":[]}"
155,2018-11-30,-0.4920261282006064,1.0911979487712634E-4,"{""type"":""MultiPoint"",""coordinates"":[]}"
156,2018-12-01,-0.16353415412509628,1.4220234802011763E-4,"{""type"":""MultiPoint"",""coordinates"":[]}"
157,2018-12-02,0.21506038229586802,2.3297308333350994E-4,"{""type"":""MultiPoint"",""coordinates"":[]}"
158,2018-12-03,-0.5056159710767705,1.7664172296252254E-4,"{""type"":""MultiPoint"",""coordinates"":[]}"
159,2018-12-04,-0.712776179394639,2.533496333622635E-4,"{""type"":""MultiPoint"",""coordinates"":[]}"
160,2018-12-05,-0.9987091855974035,1.5494286068568942E-4,"{""type"":""MultiPoint"",""coordinates"":[]}"
161,2018-12-06,-0.26789643710451716,4.531946938344024E-4,"{""type"":""MultiPoint"",""coordinates"":[]}"
162,2018-12-07,0.18574832977181083,1.0874404427033324E-4,"{""type"":""MultiPoint"",""coordinates"":[]}"
163,2018-12-08,-0.4043359957705203,1.8917131675984998E-4,"{""type"":""MultiPoint"",""coordinates"":[]}"
164,2018-12-09,-0.6325772600265146,2.747645786718006E-4,"{""type"":""MultiPoint"",""coordinates"":[]}"
165,2018-12-10,-0.48457872387959133,1.9522160980005532E-4,"{""type"":""MultiPoint"",""coordinates"":[]}"
167,2018-12-12,-0.18117727304323597,1.759966544341296E-4,"{""type"":""MultiPoint"",""coordinates"":[]}"
168,2018-12-13,-0.3579878916397135,7.721350173893421E-5,"{""type"":""MultiPoint"",""coordinates"":[]}"
169,2018-12-14,-1.0483201441998944,1.3830387560475357E-4,"{""type"":""MultiPoint"",""coordinates"":[]}"
170,2018-12-15,-1.2310069407332018,1.1360589981430281E-4,"{""type"":""MultiPoint"",""coordinates"":[]}"
171,2018-12-16,-1.1659281411203362,1.679589918486212E-4,"{""type"":""MultiPoint"",""coordinates"":[]}"
172,2018-12-17,-0.9275182159935932,1.4165656855803473E-4,"{""type"":""MultiPoint"",""coordinates"":[]}"
173,2018-12-18,-0.1638178043154527,9.510234007085658E-5,"{""type"":""MultiPoint"",""coordinates"":[]}"
174,2018-12-19,-0.8750198473423716,1.6108097477334965E-4,"{""type"":""MultiPoint"",""coordinates"":[]}"
175,2018-12-20,-1.0305271461882546,2.4233700122891564E-4,"{""type"":""MultiPoint"",""coordinates"":[]}"
176,2018-12-21,-1.118331386331544,1.744622560295191E-4,"{""type"":""MultiPoint"",""coordinates"":[]}"
177,2018-12-22,-0.36257639187347407,3.582967005244775E-4,"{""type"":""MultiPoint"",""coordinates"":[]}"
178,2018-12-23,0.21205212990818767,1.3797556231542313E-4,"{""type"":""MultiPoint"",""coordinates"":[]}"
179,2018-12-24,-0.5395489899638327,1.3893915609383632E-4,"{""type"":""MultiPoint"",""coordinates"":[]}"
180,2018-12-25,-0.9720028812569511,1.0227989443982768E-4,"{""type"":""MultiPoint"",""coordinates"":[]}"
181,2018-12-26,-1.0726188977024245,1.430049658487815E-4,"{""type"":""MultiPoint"",""coordinates"":[]}"
182,2018-12-27,-0.17642383622505364,3.4996415025678187E-4,"{""type"":""MultiPoint"",""coordinates"":[]}"
183,2018-12-28,0.35368133426367865,9.269608019278845E-5,"{""type"":""MultiPoint"",""coordinates"":[]}"
184,2018-12-29,-0.6994617993503949,1.1517480958288889E-4,"{""type"":""MultiPoint"",""coordinates"":[]}"
185,2018-12-30,-0.794201445239992,2.0251890442471988E-4,"{""type"":""MultiPoint"",""coordinates"":[]}"
186,2018-12-31,-1.0697475762731472,1.0797871296544969E-4,"{""type"":""MultiPoint"",""coordinates"":[]}"
187,2019-01-01,-0.716364554668114,1.8700502780959072E-4,"{""type"":""MultiPoint"",""coordinates"":[]}"
188,2019-01-02,0.10900930705931716,1.2121004026578349E-4,"{""type"":""MultiPoint"",""coordinates"":[]}"
189,2019-01-03,-0.045324842824018725,9.84441308803035E-5,"{""type"":""MultiPoint"",""coordinates"":[]}"
191,2019-01-05,-0.6872014296673217,1.3810072439657015E-4,"{""type"":""MultiPoint"",""coordinates"":[]}"
192,2019-01-06,-0.6621603843572307,7.418200811443313E-5,"{""type"":""MultiPoint"",""coordinates"":[]}"
193,2019-01-07,-0.5475291988529407,1.4538858917743922E-4,"{""type"":""MultiPoint"",""coordinates"":[]}"
194,2019-01-08,-0.3750431722153946,8.822261199831384E-5,"{""type"":""MultiPoint"",""coordinates"":[]}"
195,2019-01-09,-0.8976677456219377,9.500798007640684E-5,"{""type"":""MultiPoint"",""coordinates"":[]}"
196,2019-01-10,-1.1246888237338637,1.0584786432657226E-4,"{""type"":""MultiPoint"",""coordinates"":[]}"
197,2019-01-11,-0.7373528979681406,3.658290445545148E-4,"{""type"":""MultiPoint"",""coordinates"":[]}"
198,2019-01-12,-0.4047270616311198,3.230520491282776E-4,"{""type"":""MultiPoint"",""coordinates"":[]}"
200,2019-01-14,-0.8118748174302927,8.71686185114487E-5,"{""type"":""MultiPoint"",""coordinates"":[]}"
201,2019-01-15,-0.7855887533951127,8.586384993610239E-5,"{""type"":""MultiPoint"",""coordinates"":[]}"
202,2019-01-16,-1.4871527204974118,2.7041635641134634E-4,"{""type"":""MultiPoint"",""coordinates"":[]}"
203,2019-01-17,-0.43830519799719775,3.0223510114000694E-4,"{""type"":""MultiPoint"",""coordinates"":[]}"
204,2019-01-18,-0.3680591531534194,1.3937917286472524E-4,"{""type"":""MultiPoint"",""coordinates"":[]}"
205,2019-01-19,-0.04616697675468259,1.646460078212831E-4,"{""type"":""MultiPoint"",""coordinates"":[]}"
206,2019-01-20,-0.6713899510810719,2.3447624507124477E-4,"{""type"":""MultiPoint"",""coordinates"":[]}"
208,2019-01-22,-0.7942454127815084,4.2012043084780654E-5,"{""type"":""MultiPoint"",""coordinates"":[]}"
209,2019-01-23,-0.355865461918135,2.816467528601914E-4,"{""type"":""MultiPoint"",""coordinates"":[]}"
210,2019-01-24,0.11699713483483742,2.7888538857066774E-5,"{""type"":""MultiPoint"",""coordinates"":[]}"
211,2019-01-25,-0.9114191055991107,1.3397462665457808E-4,"{""type"":""MultiPoint"",""coordinates"":[]}"
212,2019-01-26,-1.3561078621188802,8.133328248240654E-5,"{""type"":""MultiPoint"",""coordinates"":[]}"
213,2019-01-27,-1.4486310717861965,4.9290946267894226E-5,"{""type"":""MultiPoint"",""coordinates"":[]}"
214,2019-01-28,-1.2096616943223775,9.51011373076042E-5,"{""type"":""MultiPoint"",""coordinates"":[]}"
215,2019-01-29,-0.5654709324404581,1.3097784358748513E-4,"{""type"":""MultiPoint"",""coordinates"":[]}"
216,2019-01-30,-3.525297908627823E-4,1.1852226462182242E-4,"{""type"":""MultiPoint"",""coordinates"":[]}"
217,2019-01-31,-0.7319775994162465,9.459125998164024E-5,"{""type"":""MultiPoint"",""coordinates"":[]}"
218,2019-02-01,-0.9022826078047208,1.9638799845078184E-4,"{""type"":""MultiPoint"",""coordinates"":[]}"
219,2019-02-02,-0.9579521542758958,1.6422354744971844E-4,"{""type"":""MultiPoint"",""coordinates"":[]}"
220,2019-02-03,-0.6102690311742002,2.2178693612068617E-4,"{""type"":""MultiPoint"",""coordinates"":[]}"
221,2019-02-04,-0.6418817431912103,1.4920873869318668E-4,"{""type"":""MultiPoint"",""coordinates"":[]}"
222,2019-02-05,-0.5428115248334993,2.1837263698758086E-4,"{""type"":""MultiPoint"",""coordinates"":[]}"
223,2019-02-06,-1.1735172119382742,8.592882844012716E-5,"{""type"":""MultiPoint"",""coordinates"":[]}"
225,2019-02-08,-0.7893953715428143,1.2369539380418308E-4,"{""type"":""MultiPoint"",""coordinates"":[]}"
226,2019-02-09,-0.37297059975961167,7.59949275967679E-5,"{""type"":""MultiPoint"",""coordinates"":[]}"
228,2019-02-11,-1.1234651824670299,2.3394508256315377E-4,"{""type"":""MultiPoint"",""coordinates"":[]}"
229,2019-02-12,-1.172506379110104,3.427009291992578E-4,"{""type"":""MultiPoint"",""coordinates"":[]}"
230,2019-02-13,-1.5579632620963562,1.4852135062256517E-4,"{""type"":""MultiPoint"",""coordinates"":[]}"
233,2019-02-16,-0.9869735045780711,1.3540145776111276E-4,"{""type"":""MultiPoint"",""coordinates"":[]}"
234,2019-02-17,-1.6183550454864555,5.269322316526923E-5,"{""type"":""MultiPoint"",""coordinates"":[]}"
235,2019-02-18,-0.9960435109940785,5.3996965588913205E-5,"{""type"":""MultiPoint"",""coordinates"":[]}"
236,2019-02-19,-0.9721728666938881,1.389033221494406E-4,"{""type"":""MultiPoint"",""coordinates"":[]}"
238,2019-02-21,-0.52772389398723,1.2339944134101392E-4,"{""type"":""MultiPoint"",""coordinates"":[]}"
239,2019-02-22,-1.2981393952855154,6.197655199551048E-5,"{""type"":""MultiPoint"",""coordinates"":[]}"
240,2019-02-23,-1.1866266380979693,6.0887550317963164E-5,"{""type"":""MultiPoint"",""coordinates"":[]}"
241,2019-02-24,-1.2771184570276186,7.285744624114279E-5,"{""type"":""MultiPoint"",""coordinates"":[]}"
242,2019-02-25,-0.14154337023416094,2.031731930473736E-4,"{""type"":""MultiPoint"",""coordinates"":[]}"
244,2019-02-27,-1.255982188406188,7.168682504626196E-5,"{""type"":""MultiPoint"",""coordinates"":[]}"
245,2019-02-28,-1.5364524130818322,6.079545943098964E-5,"{""type"":""MultiPoint"",""coordinates"":[]}"
246,2019-03-01,-1.2760512171956064,1.019623802638457E-4,"{""type"":""MultiPoint"",""coordinates"":[]}"
248,2019-03-03,-0.23476353554194396,7.677290451372736E-5,"{""type"":""MultiPoint"",""coordinates"":[]}"
249,2019-03-04,-0.7775261852565788,4.3303989377945756E-5,"{""type"":""MultiPoint"",""coordinates"":[]}"
250,2019-03-05,-1.7043367479976699,5.075073296100906E-5,"{""type"":""MultiPoint"",""coordinates"":[]}"
251,2019-03-06,-1.4378040627182314,7.161727216872903E-5,"{""type"":""MultiPoint"",""coordinates"":[]}"
252,2019-03-07,-1.1519005943975038,1.0065408785656267E-4,"{""type"":""MultiPoint"",""coordinates"":[]}"
253,2019-03-08,-0.4789574836812961,9.426862313402918E-5,"{""type"":""MultiPoint"",""coordinates"":[]}"
254,2019-03-09,-0.8647784255064741,5.347362214112209E-5,"{""type"":""MultiPoint"",""coordinates"":[]}"
255,2019-03-10,-1.1188333610386318,8.533596340079306E-5,"{""type"":""MultiPoint"",""coordinates"":[]}"
256,2019-03-11,-1.2222511254400503,6.056456501095796E-5,"{""type"":""MultiPoint"",""coordinates"":[]}"
257,2019-03-12,-1.6833095397069822,4.521655525610821E-5,"{""type"":""MultiPoint"",""coordinates"":[]}"
260,2019-03-15,-0.8949514319617281,7.479730966517575E-5,"{""type"":""MultiPoint"",""coordinates"":[]}"
261,2019-03-16,-1.0949574706109553,7.668449479824669E-5,"{""type"":""MultiPoint"",""coordinates"":[]}"
262,2019-03-17,-1.1921437671141162,7.364288994507642E-5,"{""type"":""MultiPoint"",""coordinates"":[]}"
263,2019-03-18,-0.8857728088735074,9.955312105164202E-5,"{""type"":""MultiPoint"",""coordinates"":[]}"
264,2019-03-19,-0.4992279830124115,6.621110305608272E-5,"{""type"":""MultiPoint"",""coordinates"":[]}"
265,2019-03-20,-0.029998541308620025,8.394872954505695E-5,"{""type"":""MultiPoint"",""coordinates"":[]}"
266,2019-03-21,-0.6400569241814184,6.542488710475673E-5,"{""type"":""MultiPoint"",""coordinates"":[]}"
267,2019-03-22,-0.348143719416506,5.30445730578689E-5,"{""type"":""MultiPoint"",""coordinates"":[]}"
268,2019-03-23,-0.3920193497033321,5.0262849256937345E-5,"{""type"":""MultiPoint"",""coordinates"":[]}"
269,2019-03-24,0.08789090981744362,4.4018451396969585E-5,"{""type"":""MultiPoint"",""coordinates"":[]}"
270,2019-03-25,-0.36637602416495524,5.723985140723193E-5,"{""type"":""MultiPoint"",""coordinates"":[]}"
271,2019-03-26,-0.4497039923899183,6.815966494163701E-5,"{""type"":""MultiPoint"",""coordinates"":[]}"
272,2019-03-27,-1.721684318915348,4.442065146528807E-5,"{""type"":""MultiPoint"",""coordinates"":[]}"
273,2019-03-28,-0.9095740185324543,1.1028539768431971E-4,"{""type"":""MultiPoint"",""coordinates"":[]}"
274,2019-03-29,0.11903488063262,9.050010662268569E-5,"{""type"":""MultiPoint"",""coordinates"":[]}"
275,2019-03-30,0.2178094358200366,1.3970334874558043E-4,"{""type"":""MultiPoint"",""coordinates"":[]}"
276,2019-03-31,-0.3285694160692029,6.126441100895878E-5,"{""type"":""MultiPoint"",""coordinates"":[]}"
277,2019-04-01,-0.3348691545264325,7.653402833792296E-5,"{""type"":""MultiPoint"",""coordinates"":[]}"
278,2019-04-02,-0.9024415647062293,1.3502401453463782E-4,"{""type"":""MultiPoint"",""coordinates"":[]}"
279,2019-04-03,-0.7028906617857424,8.245262852364063E-5,"{""type"":""MultiPoint"",""coordinates"":[]}"
280,2019-04-04,-0.17368839687488036,1.0561627433677052E-4,"{""type"":""MultiPoint"",""coordinates"":[]}"
281,2019-04-05,-0.08369910443201932,1.351445163578508E-4,"{""type"":""MultiPoint"",""coordinates"":[]}"
282,2019-04-06,0.1823680855212847,1.1103761733734108E-4,"{""type"":""MultiPoint"",""coordinates"":[]}"
283,2019-04-07,-0.7148892520119651,1.1304383964206644E-4,"{""type"":""MultiPoint"",""coordinates"":[]}"
284,2019-04-08,0.048778082418861134,1.353941148526691E-4,"{""type"":""MultiPoint"",""coordinates"":[]}"
285,2019-04-09,0.16213174443277534,1.225099769874539E-4,"{""type"":""MultiPoint"",""coordinates"":[]}"
286,2019-04-10,0.17172657390329568,1.0083847554304374E-4,"{""type"":""MultiPoint"",""coordinates"":[]}"
287,2019-04-11,0.2779590349785716,9.333594794807071E-5,"{""type"":""MultiPoint"",""coordinates"":[]}"
288,2019-04-12,-0.2416132566422658,9.396815973215619E-5,"{""type"":""MultiPoint"",""coordinates"":[]}"
289,2019-04-13,-0.0010557203657602337,6.020745451326648E-5,"{""type"":""MultiPoint"",""coordinates"":[]}"
290,2019-04-14,0.5795818386306568,5.210707026504891E-5,"{""type"":""MultiPoint"",""coordinates"":[]}"
291,2019-04-15,-0.10555919041729027,6.672081493769478E-5,"{""type"":""MultiPoint"",""coordinates"":[]}"
293,2019-04-17,-1.2226874817476172,6.804009641830608E-5,"{""type"":""MultiPoint"",""coordinates"":[]}"
294,2019-04-18,-1.6741153488191522,1.0893773101179906E-4,"{""type"":""MultiPoint"",""coordinates"":[]}"
295,2019-04-19,-1.3255019848717158,6.73268799451932E-5,"{""type"":""MultiPoint"",""coordinates"":[]}"
296,2019-04-20,-0.8194919541360335,8.517698324009431E-5,"{""type"":""MultiPoint"",""coordinates"":[]}"
297,2019-04-21,-0.6502396474297056,6.857170402018533E-5,"{""type"":""MultiPoint"",""coordinates"":[]}"
298,2019-04-22,-0.462365441593516,1.1075761607407318E-4,"{""type"":""MultiPoint"",""coordinates"":[]}"
299,2019-04-23,-0.3598198035099934,1.03350919970607E-4,"{""type"":""MultiPoint"",""coordinates"":[]}"
300,2019-04-24,0.4822578899710555,8.857131583791836E-5,"{""type"":""MultiPoint"",""coordinates"":[]}"
301,2019-04-25,0.601660346437904,9.031532372016723E-5,"{""type"":""MultiPoint"",""coordinates"":[]}"
302,2019-04-26,0.526838264035203,6.620653545102007E-5,"{""type"":""MultiPoint"",""coordinates"":[]}"
303,2019-04-27,0.745347482849755,6.650199862293434E-5,"{""type"":""MultiPoint"",""coordinates"":[]}"
304,2019-04-28,0.7075814030693063,6.211348346817749E-5,"{""type"":""MultiPoint"",""coordinates"":[]}"
305,2019-04-29,0.45417653844091194,7.401950311074553E-5,"{""type"":""MultiPoint"",""coordinates"":[]}"
306,2019-04-30,0.8872844274805155,9.713290932242455E-5,"{""type"":""MultiPoint"",""coordinates"":[]}"
307,2019-05-01,0.8136846082358503,1.2284448090748432E-4,"{""type"":""MultiPoint"",""coordinates"":[]}"
308,2019-05-02,0.7765654523852539,1.0973389378494913E-4,"{""type"":""MultiPoint"",""coordinates"":[]}"
309,2019-05-03,0.15963337198500324,1.460985964143752E-4,"{""type"":""MultiPoint"",""coordinates"":[]}"
310,2019-05-04,-0.07323960230520755,9.520069787344115E-5,"{""type"":""MultiPoint"",""coordinates"":[]}"
311,2019-05-05,0.15550988813698735,7.402577812291306E-5,"{""type"":""MultiPoint"",""coordinates"":[]}"
312,2019-05-06,0.9868766939504368,8.031709072789957E-5,"{""type"":""MultiPoint"",""coordinates"":[]}"
313,2019-05-07,1.3796511064629022,6.052898563470068E-5,"{""type"":""MultiPoint"",""coordinates"":[]}"
314,2019-05-08,0.8640411695461676,8.159366099155205E-5,"{""type"":""MultiPoint"",""coordinates"":[]}"
315,2019-05-09,0.6717095896838708,8.923695151228534E-5,"{""type"":""MultiPoint"",""coordinates"":[]}"
316,2019-05-10,0.985810825652204,7.182157165914236E-5,"{""type"":""MultiPoint"",""coordinates"":[]}"
317,2019-05-11,0.5164850118015294,7.834266416883008E-5,"{""type"":""MultiPoint"",""coordinates"":[]}"
318,2019-05-12,0.375105017958208,6.91747389207898E-5,"{""type"":""MultiPoint"",""coordinates"":[]}"
319,2019-05-13,0.5378602702678394,1.198934888039379E-4,"{""type"":""MultiPoint"",""coordinates"":[]}"
320,2019-05-14,-0.42691003726534693,1.1279987670681298E-4,"{""type"":""MultiPoint"",""coordinates"":[]}"
321,2019-05-15,-0.48310333543684775,5.4264841983576794E-5,"{""type"":""MultiPoint"",""coordinates"":[]}"
322,2019-05-16,-0.20982887497128125,8.96226840512402E-5,"{""type"":""MultiPoint"",""coordinates"":[]}"
323,2019-05-17,0.09234655149785195,7.004102925554798E-5,"{""type"":""MultiPoint"",""coordinates"":[]}"
324,2019-05-18,-0.9422582077882331,8.101988182567752E-5,"{""type"":""MultiPoint"",""coordinates"":[]}"
325,2019-05-19,-0.6595495887838696,1.0748322056813186E-4,"{""type"":""MultiPoint"",""coordinates"":[]}"
326,2019-05-20,-0.44292104934741156,8.671043959214266E-5,"{""type"":""MultiPoint"",""coordinates"":[]}"
327,2019-05-21,-0.4870102771040668,7.765373016357538E-5,"{""type"":""MultiPoint"",""coordinates"":[]}"
328,2019-05-22,-0.32089361903115743,2.895651724661813E-5,"{""type"":""MultiPoint"",""coordinates"":[]}"
329,2019-05-23,0.03464960008682964,9.634043493189408E-5,"{""type"":""MultiPoint"",""coordinates"":[]}"
330,2019-05-24,-0.5073441873243318,5.559361892583917E-5,"{""type"":""MultiPoint"",""coordinates"":[]}"
331,2019-05-25,-0.20143510311736737,7.616633107663563E-5,"{""type"":""MultiPoint"",""coordinates"":[]}"
332,2019-05-26,-0.2722590134088911,5.8857396608519934E-5,"{""type"":""MultiPoint"",""coordinates"":[]}"
333,2019-05-27,-0.07241012477646011,6.71716524956717E-5,"{""type"":""MultiPoint"",""coordinates"":[]}"
334,2019-05-28,0.19368776231826565,7.49463987685674E-5,"{""type"":""MultiPoint"",""coordinates"":[]}"
335,2019-05-29,0.4036371042272807,9.041044223784599E-5,"{""type"":""MultiPoint"",""coordinates"":[]}"
336,2019-05-30,0.45313462311573155,9.260051590447523E-5,"{""type"":""MultiPoint"",""coordinates"":[]}"
337,2019-05-31,0.42341705178523026,1.0090707758249253E-4,"{""type"":""MultiPoint"",""coordinates"":[]}"
338,2019-06-01,0.7341285748953639,1.0112536860998709E-4,"{""type"":""MultiPoint"",""coordinates"":[]}"
339,2019-06-02,0.5505229956670121,9.931614015325068E-5,"{""type"":""MultiPoint"",""coordinates"":[]}"
340,2019-06-03,0.5814397143895409,8.722501761669348E-5,"{""type"":""MultiPoint"",""coordinates"":[]}"
341,2019-06-04,0.3324834461652653,9.555987904806048E-5,"{""type"":""MultiPoint"",""coordinates"":[]}"
342,2019-06-05,0.11214972111040046,9.304953710432321E-5,"{""type"":""MultiPoint"",""coordinates"":[]}"
343,2019-06-06,-0.04954498162242134,1.2557781460489974E-4,"{""type"":""MultiPoint"",""coordinates"":[]}"
344,2019-06-07,-0.006400908294726636,1.0351505235780466E-4,"{""type"":""MultiPoint"",""coordinates"":[]}"
345,2019-06-08,0.06255987338673777,1.0156683264218194E-4,"{""type"":""MultiPoint"",""coordinates"":[]}"
346,2019-06-09,0.41488846714251026,1.0960566303365302E-4,"{""type"":""MultiPoint"",""coordinates"":[]}"
347,2019-06-10,0.3506939963577932,1.0134366510818724E-4,"{""type"":""MultiPoint"",""coordinates"":[]}"
348,2019-06-11,0.11540983706084877,5.4706566606488766E-5,"{""type"":""MultiPoint"",""coordinates"":[]}"
349,2019-06-12,0.34632658249806353,7.869564175808239E-5,"{""type"":""MultiPoint"",""coordinates"":[]}"
350,2019-06-13,0.4940527092991643,8.537516982107127E-5,"{""type"":""MultiPoint"",""coordinates"":[]}"
351,2019-06-14,0.7865624113250234,9.241898087523816E-5,"{""type"":""MultiPoint"",""coordinates"":[]}"
352,2019-06-15,0.9597681046419864,7.927728056858194E-5,"{""type"":""MultiPoint"",""coordinates"":[]}"
353,2019-06-16,-1.1083800759441336,4.352459807812421E-5,"{""type"":""MultiPoint"",""coordinates"":[]}"
355,2019-06-18,-0.4757660795683436,4.896554564616999E-5,"{""type"":""MultiPoint"",""coordinates"":[]}"
356,2019-06-19,-0.0627392142761344,1.4596595617883076E-4,"{""type"":""MultiPoint"",""coordinates"":[]}"
357,2019-06-20,-0.5188121955599163,1.2966535456412293E-4,"{""type"":""MultiPoint"",""coordinates"":[]}"
358,2019-06-21,-1.150988511876999,1.220900317040081E-4,"{""type"":""MultiPoint"",""coordinates"":[]}"
359,2019-06-22,-0.7617436317978303,9.430145517332757E-5,"{""type"":""MultiPoint"",""coordinates"":[]}"
360,2019-06-23,-0.7674350985905861,8.754824503336856E-5,"{""type"":""MultiPoint"",""coordinates"":[]}"
361,2019-06-24,-0.5111422941036611,4.870158569593919E-5,"{""type"":""MultiPoint"",""coordinates"":[]}"
362,2019-06-25,-1.012259809074953,1.095312224119412E-4,"{""type"":""MultiPoint"",""coordinates"":[]}"
363,2019-06-26,-1.5216101426189195,1.0528787229279501E-4,"{""type"":""MultiPoint"",""coordinates"":[]}"
364,2019-06-27,-1.137040261485569,5.209689608953678E-5,"{""type"":""MultiPoint"",""coordinates"":[]}"
365,2019-06-28,0.014661512211326376,6.258351572187381E-5,"{""type"":""MultiPoint"",""coordinates"":[]}"
366,2019-06-29,0.5615814182255452,6.294269170990991E-5,"{""type"":""MultiPoint"",""coordinates"":[]}"
367,2019-06-30,0.7210611833204694,6.214769917693502E-5,"{""type"":""MultiPoint"",""coordinates"":[]}"
368,2019-07-01,0.2085040836305431,1.0052795990127905E-4,"{""type"":""MultiPoint"",""coordinates"":[]}"
369,2019-07-02,-0.5568061970985247,1.0585998941869025E-4,"{""type"":""MultiPoint"",""coordinates"":[]}"
370,2019-07-03,-0.7821043427450685,8.493407476329092E-5,"{""type"":""MultiPoint"",""coordinates"":[]}"
372,2019-07-05,-0.33716797969371226,6.363328726393443E-5,"{""type"":""MultiPoint"",""coordinates"":[]}"
373,2019-07-06,-1.177678628415203,1.3271024297904926E-4,"{""type"":""MultiPoint"",""coordinates"":[]}"
374,2019-07-07,-1.4722425499621639,6.279548116276069E-5,"{""type"":""MultiPoint"",""coordinates"":[]}"
375,2019-07-08,-0.5465359321168582,8.497671697448553E-5,"{""type"":""MultiPoint"",""coordinates"":[]}"
376,2019-07-09,-0.4241600038083031,2.8786383861793194E-5,"{""type"":""MultiPoint"",""coordinates"":[]}"
377,2019-07-10,2.1137478032791712,4.7927696528499995E-5,"{""type"":""MultiPoint"",""coordinates"":[]}"
378,2019-07-11,1.1115215880798774,6.345115070506683E-5,"{""type"":""MultiPoint"",""coordinates"":[]}"
379,2019-07-12,2.3792573443620175,3.593885589740898E-5,"{""type"":""MultiPoint"",""coordinates"":[]}"
380,2019-07-13,1.5896548425532975,3.327230951293114E-5,"{""type"":""MultiPoint"",""coordinates"":[]}"
381,2019-07-14,0.9845839860369565,4.2158571943015035E-5,"{""type"":""MultiPoint"",""coordinates"":[]}"
384,2019-07-17,-1.2341941713900741,8.584112947573885E-5,"{""type"":""MultiPoint"",""coordinates"":[]}"
385,2019-07-18,-1.6727832589451013,4.918099909469757E-5,"{""type"":""MultiPoint"",""coordinates"":[]}"
386,2019-07-19,-0.7257665198705502,8.210184852176E-5,"{""type"":""MultiPoint"",""coordinates"":[]}"
387,2019-07-20,-0.5916299189808792,5.072714338894002E-5,"{""type"":""MultiPoint"",""coordinates"":[]}"
388,2019-07-21,-0.8763664004233029,4.9467422729901105E-5,"{""type"":""MultiPoint"",""coordinates"":[]}"
389,2019-07-22,-1.5079064636471546,5.116954920315171E-5,"{""type"":""MultiPoint"",""coordinates"":[]}"
390,2019-07-23,-1.6698456930900996,5.769878427203844E-5,"{""type"":""MultiPoint"",""coordinates"":[]}"
395,2019-07-28,-1.7270749735246245,5.4227161072241565E-5,"{""type"":""MultiPoint"",""coordinates"":[]}"
397,2019-07-30,-1.1763154598636358,4.630365824176836E-5,"{""type"":""MultiPoint"",""coordinates"":[]}"
399,2019-08-01,-1.3830970005861989,5.147828771707793E-5,"{""type"":""MultiPoint"",""coordinates"":[]}"
400,2019-08-02,-1.2818504356824516,4.1652459271532175E-5,"{""type"":""MultiPoint"",""coordinates"":[]}"
402,2019-08-04,-1.0795380726893782,4.287405459771223E-5,"{""type"":""MultiPoint"",""coordinates"":[]}"
405,2019-08-07,-1.6209126007065522,5.9822048399470044E-5,"{""type"":""MultiPoint"",""coordinates"":[]}"
406,2019-08-08,-1.9041113792076527,7.131121092311286E-5,"{""type"":""MultiPoint"",""coordinates"":[]}"
409,2019-08-11,-0.9172384625588399,2.727037775608858E-5,"{""type"":""MultiPoint"",""coordinates"":[]}"
411,2019-08-13,-1.9628751074534296,3.517651013048186E-5,"{""type"":""MultiPoint"",""coordinates"":[]}"
412,2019-08-14,-1.6493833817264303,4.467500912141986E-5,"{""type"":""MultiPoint"",""coordinates"":[]}"
413,2019-08-15,-0.8334991791991091,5.3301984555923304E-5,"{""type"":""MultiPoint"",""coordinates"":[]}"
414,2019-08-16,-1.1921890399334887,3.433629935023438E-5,"{""type"":""MultiPoint"",""coordinates"":[]}"
417,2019-08-19,-1.8372901271457378,5.66775135908976E-5,"{""type"":""MultiPoint"",""coordinates"":[]}"
418,2019-08-20,-1.1318377095551944,4.0572008826892156E-5,"{""type"":""MultiPoint"",""coordinates"":[]}"
419,2019-08-21,-0.7059355599204696,3.6729933445599746E-5,"{""type"":""MultiPoint"",""coordinates"":[]}"
420,2019-08-22,-0.7456993546523714,4.083839123006854E-5,"{""type"":""MultiPoint"",""coordinates"":[]}"
421,2019-08-23,-1.4696961568257856,4.594034385858134E-5,"{""type"":""MultiPoint"",""coordinates"":[]}"
424,2019-08-26,-0.9025106128233347,3.8941729521928095E-5,"{""type"":""MultiPoint"",""coordinates"":[]}"
425,2019-08-27,-1.281524626737786,4.8458928276907553E-5,"{""type"":""MultiPoint"",""coordinates"":[]}"
426,2019-08-28,-1.6597880083117555,5.828265470784441E-5,"{""type"":""MultiPoint"",""coordinates"":[]}"
427,2019-08-29,-1.9500018292093089,6.470984344742504E-5,"{""type"":""MultiPoint"",""coordinates"":[]}"
428,2019-08-30,-1.5928034473425121,3.8415019997491155E-5,"{""type"":""MultiPoint"",""coordinates"":[]}"
429,2019-08-31,-0.9008838193849558,5.244542193893791E-5,"{""type"":""MultiPoint"",""coordinates"":[]}"
430,2019-09-01,-0.909089048581706,9.610638055763954E-5,"{""type"":""MultiPoint"",""coordinates"":[]}"
431,2019-09-02,-1.5651724254368355,5.681266390116949E-5,"{""type"":""MultiPoint"",""coordinates"":[]}"
432,2019-09-03,-2.005575231322738,1.009458964074298E-4,"{""type"":""MultiPoint"",""coordinates"":[]}"
433,2019-09-04,-1.8072872031144616,8.686584161013052E-5,"{""type"":""MultiPoint"",""coordinates"":[]}"
434,2019-09-05,-0.6899451183955265,3.98779872425221E-5,"{""type"":""MultiPoint"",""coordinates"":[]}"
435,2019-09-06,-0.6875053193276469,4.771883457101344E-5,"{""type"":""MultiPoint"",""coordinates"":[]}"
436,2019-09-07,-1.0681934708897387,6.709528305609772E-5,"{""type"":""MultiPoint"",""coordinates"":[]}"
437,2019-09-08,-1.7724939886686204,5.1961815946096604E-5,"{""type"":""MultiPoint"",""coordinates"":[]}"
438,2019-09-09,-1.7181446990696319,7.323068268006533E-5,"{""type"":""MultiPoint"",""coordinates"":[]}"
439,2019-09-10,-1.2010890999816461,4.9514429823218644E-5,"{""type"":""MultiPoint"",""coordinates"":[]}"
440,2019-09-11,-0.5431311085426871,5.4918836640373014E-5,"{""type"":""MultiPoint"",""coordinates"":[]}"
441,2019-09-12,-0.5333692654564715,7.291539459813668E-5,"{""type"":""MultiPoint"",""coordinates"":[]}"
442,2019-09-13,-1.5732053821477596,7.418714193636757E-5,"{""type"":""MultiPoint"",""coordinates"":[]}"
443,2019-09-14,-1.8726132552786299,5.286877797592202E-5,"{""type"":""MultiPoint"",""coordinates"":[]}"
444,2019-09-15,-1.6920322769982237,2.9583062262337797E-5,"{""type"":""MultiPoint"",""coordinates"":[]}"
445,2019-09-16,-0.593375873304377,6.828494048219181E-5,"{""type"":""MultiPoint"",""coordinates"":[]}"
446,2019-09-17,-0.8707682565928854,7.96387607245379E-5,"{""type"":""MultiPoint"",""coordinates"":[]}"
447,2019-09-18,-1.1811108093596545,1.086034751676061E-4,"{""type"":""MultiPoint"",""coordinates"":[]}"
448,2019-09-19,-1.8355843843110045,6.159196113582958E-5,"{""type"":""MultiPoint"",""coordinates"":[]}"
449,2019-09-20,-1.9258393933072715,4.552067306483453E-5,"{""type"":""MultiPoint"",""coordinates"":[]}"
450,2019-09-21,-0.8331206192865435,6.128685053742792E-5,"{""type"":""MultiPoint"",""coordinates"":[]}"
451,2019-09-22,-0.388160957781871,3.550795865337399E-5,"{""type"":""MultiPoint"",""coordinates"":[]}"
452,2019-09-23,-1.5793887856044238,8.336065034979038E-5,"{""type"":""MultiPoint"",""coordinates"":[]}"
453,2019-09-24,-1.6506021536301516,6.695530961092E-5,"{""type"":""MultiPoint"",""coordinates"":[]}"
454,2019-09-25,-1.8674135469625852,5.8822769634823984E-5,"{""type"":""MultiPoint"",""coordinates"":[]}"
455,2019-09-26,-1.4497282932719524,3.871588424401989E-5,"{""type"":""MultiPoint"",""coordinates"":[]}"
456,2019-09-27,-0.5980224555807041,2.55867689702427E-5,"{""type"":""MultiPoint"",""coordinates"":[]}"
457,2019-09-28,-0.9148290070980049,5.8227627403929764E-5,"{""type"":""MultiPoint"",""coordinates"":[]}"
458,2019-09-29,-1.5029247484314743,6.498778980277883E-5,"{""type"":""MultiPoint"",""coordinates"":[]}"
459,2019-09-30,-1.8922410001039587,6.135510638084971E-5,"{""type"":""MultiPoint"",""coordinates"":[]}"
461,2019-10-02,-0.46001813604570363,6.185055426718328E-5,"{""type"":""MultiPoint"",""coordinates"":[]}"
462,2019-10-03,-0.915262577248351,6.511695473858282E-5,"{""type"":""MultiPoint"",""coordinates"":[]}"
463,2019-10-04,-1.4889647783005713,6.407202825796764E-5,"{""type"":""MultiPoint"",""coordinates"":[]}"
464,2019-10-05,-1.1766353634538034,7.751360269951405E-5,"{""type"":""MultiPoint"",""coordinates"":[]}"
465,2019-10-06,-1.695851254312246,9.741769171967139E-5,"{""type"":""MultiPoint"",""coordinates"":[]}"
466,2019-10-07,-0.8738943731248858,4.6727704118270954E-5,"{""type"":""MultiPoint"",""coordinates"":[]}"
467,2019-10-08,-0.9945619635262487,6.587540871679293E-5,"{""type"":""MultiPoint"",""coordinates"":[]}"
468,2019-10-09,-1.1589815663546608,1.1553550324098882E-4,"{""type"":""MultiPoint"",""coordinates"":[]}"
469,2019-10-10,-1.0444612301394383,1.5299764730325257E-4,"{""type"":""MultiPoint"",""coordinates"":[]}"
470,2019-10-11,-1.3491123614917342,1.1670406983251866E-4,"{""type"":""MultiPoint"",""coordinates"":[]}"
471,2019-10-12,-0.6082798530509286,8.136096702021036E-5,"{""type"":""MultiPoint"",""coordinates"":[]}"
472,2019-10-13,-0.45657373371259297,5.640554401756655E-5,"{""type"":""MultiPoint"",""coordinates"":[]}"
473,2019-10-14,-1.011879447571478,9.40025937607105E-5,"{""type"":""MultiPoint"",""coordinates"":[]}"
474,2019-10-15,-0.8804932687269733,1.397635205486453E-4,"{""type"":""MultiPoint"",""coordinates"":[]}"
475,2019-10-16,-0.6765451646459776,1.0502235429379908E-4,"{""type"":""MultiPoint"",""coordinates"":[]}"
476,2019-10-17,-0.10667016329341837,8.94746138161205E-5,"{""type"":""MultiPoint"",""coordinates"":[]}"
477,2019-10-18,-0.01698746416615126,8.300854854417818E-5,"{""type"":""MultiPoint"",""coordinates"":[]}"
478,2019-10-19,-0.93169653814643,1.102475122747339E-4,"{""type"":""MultiPoint"",""coordinates"":[]}"
479,2019-10-20,-1.0710387392534617,8.759096234948429E-5,"{""type"":""MultiPoint"",""coordinates"":[]}"
480,2019-10-21,-0.9650602510287266,7.987566850254843E-5,"{""type"":""MultiPoint"",""coordinates"":[]}"
481,2019-10-22,-1.4564202463226632,5.971568394116965E-5,"{""type"":""MultiPoint"",""coordinates"":[]}"
482,2019-10-23,-0.20896563898543116,7.778776674259995E-5,"{""type"":""MultiPoint"",""coordinates"":[]}"
483,2019-10-24,-0.3542067730745681,1.7420154318631686E-4,"{""type"":""MultiPoint"",""coordinates"":[]}"
484,2019-10-25,-1.0185314703176338,1.3017162651424483E-4,"{""type"":""MultiPoint"",""coordinates"":[]}"
485,2019-10-26,-0.9968986031428084,1.1430140591242848E-4,"{""type"":""MultiPoint"",""coordinates"":[]}"
486,2019-10-27,-0.38897558852938074,6.214558035004467E-5,"{""type"":""MultiPoint"",""coordinates"":[]}"
487,2019-10-28,0.5430270828813846,7.4019643832815E-5,"{""type"":""MultiPoint"",""coordinates"":[]}"
489,2019-10-30,0.7913575783542646,4.5936911258365887E-5,"{""type"":""MultiPoint"",""coordinates"":[]}"
490,2019-10-31,0.832186659545368,6.837490731015392E-5,"{""type"":""MultiPoint"",""coordinates"":[]}"
491,2019-11-01,1.3700914247947893,7.787222424136952E-5,"{""type"":""MultiPoint"",""coordinates"":[]}"
494,2019-11-04,-0.3382442653668103,5.612416322162711E-5,"{""type"":""MultiPoint"",""coordinates"":[]}"
495,2019-11-05,-1.0885614145545583,6.573715573643858E-5,"{""type"":""MultiPoint"",""coordinates"":[]}"
496,2019-11-06,-1.085178052313271,1.2527356867513443E-4,"{""type"":""MultiPoint"",""coordinates"":[]}"
498,2019-11-08,-0.020554214337456987,9.976434094314564E-5,"{""type"":""MultiPoint"",""coordinates"":[]}"
499,2019-11-09,-1.0134402580884636,7.451122371363966E-5,"{""type"":""MultiPoint"",""coordinates"":[]}"
500,2019-11-10,-1.0376673737826059,6.860288325101961E-5,"{""type"":""MultiPoint"",""coordinates"":[]}"
501,2019-11-11,-0.2977600445061323,7.56417549197849E-5,"{""type"":""MultiPoint"",""coordinates"":[]}"
502,2019-11-12,0.7058368458292607,5.333019162860353E-5,"{""type"":""MultiPoint"",""coordinates"":[]}"
503,2019-11-13,0.3659956818261861,5.955676533631049E-5,"{""type"":""MultiPoint"",""coordinates"":[]}"
505,2019-11-15,-0.026004268674448487,9.340850198055829E-5,"{""type"":""MultiPoint"",""coordinates"":[]}"
506,2019-11-16,-1.0935287782033138,7.889950910440565E-5,"{""type"":""MultiPoint"",""coordinates"":[]}"
507,2019-11-17,-1.3080287519396878,5.8578942167936504E-5,"{""type"":""MultiPoint"",""coordinates"":[]}"
508,2019-11-18,-1.192732565879686,8.457933505759447E-5,"{""type"":""MultiPoint"",""coordinates"":[]}"
509,2019-11-19,-0.07239150109628108,7.689223743388055E-5,"{""type"":""MultiPoint"",""coordinates"":[]}"
510,2019-11-20,-0.536720910198128,1.4508827516946144E-4,"{""type"":""MultiPoint"",""coordinates"":[]}"
511,2019-11-21,-1.0824222935307852,3.159930702313126E-4,"{""type"":""MultiPoint"",""coordinates"":[]}"
512,2019-11-22,-1.3517065965201096,2.0419973604768796E-4,"{""type"":""MultiPoint"",""coordinates"":[]}"
513,2019-11-23,-1.5598307356673116,4.5613125732292265E-5,"{""type"":""MultiPoint"",""coordinates"":[]}"
514,2019-11-24,-0.06726325253103972,7.786580379573166E-5,"{""type"":""MultiPoint"",""coordinates"":[]}"
515,2019-11-25,-0.75754207740073,1.0906485251631351E-4,"{""type"":""MultiPoint"",""coordinates"":[]}"
516,2019-11-26,-1.1093182999669255,1.0044478807074018E-4,"{""type"":""MultiPoint"",""coordinates"":[]}"
517,2019-11-27,-1.4009553033272806,2.4376474326698956E-4,"{""type"":""MultiPoint"",""coordinates"":[]}"
519,2019-11-29,-0.642045087898707,9.748731990371782E-5,"{""type"":""MultiPoint"",""coordinates"":[]}"
520,2019-11-30,-0.988824338907971,6.855721050806083E-5,"{""type"":""MultiPoint"",""coordinates"":[]}"
521,2019-12-01,-1.2463027160110174,7.808539141880994E-5,"{""type"":""MultiPoint"",""coordinates"":[]}"
522,2019-12-02,-1.3341606316150645,8.206941277156168E-5,"{""type"":""MultiPoint"",""coordinates"":[]}"
523,2019-12-03,-1.0804960589468307,9.476264238519273E-5,"{""type"":""MultiPoint"",""coordinates"":[]}"
524,2019-12-04,-1.5507887518044947,1.0596639284213302E-4,"{""type"":""MultiPoint"",""coordinates"":[]}"
525,2019-12-05,-0.05273412623403019,3.2120837413347644E-4,"{""type"":""MultiPoint"",""coordinates"":[]}"
526,2019-12-06,-0.567802388671996,1.4011906602773096E-4,"{""type"":""MultiPoint"",""coordinates"":[]}"
527,2019-12-07,-1.1426814056064096,2.504062525538553E-4,"{""type"":""MultiPoint"",""coordinates"":[]}"
528,2019-12-08,-1.112571223013637,2.2644394241712806E-4,"{""type"":""MultiPoint"",""coordinates"":[]}"
529,2019-12-09,-0.674692101622909,1.7050477004837945E-4,"{""type"":""MultiPoint"",""coordinates"":[]}"
530,2019-12-10,-0.03791984217107941,1.1205969942246816E-4,"{""type"":""MultiPoint"",""coordinates"":[]}"
531,2019-12-11,-0.3318426180994986,1.9252471627266186E-4,"{""type"":""MultiPoint"",""coordinates"":[]}"
532,2019-12-12,-0.9640413866247707,5.030797910876572E-5,"{""type"":""MultiPoint"",""coordinates"":[]}"
534,2019-12-14,-1.2791545297722597,5.97487786578542E-5,"{""type"":""MultiPoint"",""coordinates"":[]}"
535,2019-12-15,-0.5336484746828851,6.695271440548822E-5,"{""type"":""MultiPoint"",""coordinates"":[]}"
538,2019-12-18,-1.8341560047735168,1.557494632034917E-4,"{""type"":""MultiPoint"",""coordinates"":[]}"
539,2019-12-19,-1.3716574738613405,3.083271743517456E-4,"{""type"":""MultiPoint"",""coordinates"":[]}"
540,2019-12-20,-0.06138618555062228,7.945743709569797E-5,"{""type"":""MultiPoint"",""coordinates"":[]}"
541,2019-12-21,-0.4313798192521166,1.36349398098983E-4,"{""type"":""MultiPoint"",""coordinates"":[]}"
542,2019-12-22,-0.8558920904520759,9.803887423064094E-5,"{""type"":""MultiPoint"",""coordinates"":[]}"
543,2019-12-23,-1.4091812832339483,2.625352123617466E-4,"{""type"":""MultiPoint"",""coordinates"":[]}"
544,2019-12-24,-1.5692130213213642,3.4386313447379063E-4,"{""type"":""MultiPoint"",""coordinates"":[]}"
545,2019-12-25,-0.8089726123970242,1.6315730901542873E-4,"{""type"":""MultiPoint"",""coordinates"":[]}"
546,2019-12-26,-0.26046313679158833,1.0417629660633487E-4,"{""type"":""MultiPoint"",""coordinates"":[]}"
547,2019-12-27,-1.0120135121622122,2.0345907170381193E-4,"{""type"":""MultiPoint"",""coordinates"":[]}"
548,2019-12-28,-1.5541470124320502,2.0844396934952277E-4,"{""type"":""MultiPoint"",""coordinates"":[]}"
549,2019-12-29,-1.2753229338715244,3.2680248654930465E-4,"{""type"":""MultiPoint"",""coordinates"":[]}"
551,2019-12-31,-0.4195278447460191,1.86586963608123E-4,"{""type"":""MultiPoint"",""coordinates"":[]}"
552,2020-01-01,-0.4371727933787157,1.4292348760993332E-4,"{""type"":""MultiPoint"",""coordinates"":[]}"
553,2020-01-02,-1.1985088520007101,2.5990255582750106E-4,"{""type"":""MultiPoint"",""coordinates"":[]}"
554,2020-01-03,-1.5032410487384338,2.3514083894352706E-4,"{""type"":""MultiPoint"",""coordinates"":[]}"
555,2020-01-04,-1.43125223125994,1.0535073558671094E-4,"{""type"":""MultiPoint"",""coordinates"":[]}"
556,2020-01-05,-0.9886161759555172,8.661265538027165E-5,"{""type"":""MultiPoint"",""coordinates"":[]}"
560,2020-01-09,-1.8797732754373704,1.2818993427593425E-4,"{""type"":""MultiPoint"",""coordinates"":[]}"
561,2020-01-10,-1.5151506507203112,1.319449743645176E-4,"{""type"":""MultiPoint"",""coordinates"":[]}"
562,2020-01-11,-0.906017004139288,1.129335273656957E-4,"{""type"":""MultiPoint"",""coordinates"":[]}"
563,2020-01-12,-1.0014032851084373,1.3070383881359768E-4,"{""type"":""MultiPoint"",""coordinates"":[]}"
565,2020-01-14,-1.9239566719876489,8.47962396255194E-5,"{""type"":""MultiPoint"",""coordinates"":[]}"
566,2020-01-15,-1.6425057434248682,8.503750331984993E-5,"{""type"":""MultiPoint"",""coordinates"":[]}"
568,2020-01-17,-0.403865095751801,3.105091309407726E-5,"{""type"":""MultiPoint"",""coordinates"":[]}"
569,2020-01-18,-1.854069330802783,1.364123416543085E-4,"{""type"":""MultiPoint"",""coordinates"":[]}"
570,2020-01-19,-2.03133971523584,8.657371931926271E-5,"{""type"":""MultiPoint"",""coordinates"":[]}"
571,2020-01-20,-1.9618313961262293,1.1433519920796093E-4,"{""type"":""MultiPoint"",""coordinates"":[]}"
572,2020-01-21,-1.0480576052367672,9.354064865624859E-5,"{""type"":""MultiPoint"",""coordinates"":[]}"
573,2020-01-22,-0.46672365368686936,1.1299156630287637E-4,"{""type"":""MultiPoint"",""coordinates"":[]}"
574,2020-01-23,-1.3733249165858812,7.349134638482549E-5,"{""type"":""MultiPoint"",""coordinates"":[]}"
575,2020-01-24,-1.4407836627747095,8.33769574884654E-5,"{""type"":""MultiPoint"",""coordinates"":[]}"
576,2020-01-25,-1.704819892691243,1.7325363772707626E-4,"{""type"":""MultiPoint"",""coordinates"":[]}"
577,2020-01-26,-1.437406173543481,9.815584728415994E-5,"{""type"":""MultiPoint"",""coordinates"":[]}"
578,2020-01-27,-0.8766952816101906,2.1671298159543447E-4,"{""type"":""MultiPoint"",""coordinates"":[]}"
579,2020-01-28,-0.7239213738274771,1.4930823489974027E-4,"{""type"":""MultiPoint"",""coordinates"":[]}"
580,2020-01-29,-1.6904530842916368,8.507413968790497E-5,"{""type"":""MultiPoint"",""coordinates"":[]}"
581,2020-01-30,-1.861863110905892,9.114334045013529E-5,"{""type"":""MultiPoint"",""coordinates"":[]}"
582,2020-01-31,-1.757716869283198,1.1089106884169754E-4,"{""type"":""MultiPoint"",""coordinates"":[]}"
583,2020-02-01,-1.1566550680563301,1.3139166665543302E-4,"{""type"":""MultiPoint"",""coordinates"":[]}"
584,2020-02-02,-1.3580419328332267,8.305866807262797E-5,"{""type"":""MultiPoint"",""coordinates"":[]}"
585,2020-02-03,-1.5720020761534705,1.2023191635285081E-4,"{""type"":""MultiPoint"",""coordinates"":[]}"
586,2020-02-04,-1.601638658140025,1.9742014968117855E-4,"{""type"":""MultiPoint"",""coordinates"":[]}"
587,2020-02-05,-2.2830103983075696,1.332363014277813E-4,"{""type"":""MultiPoint"",""coordinates"":[]}"
588,2020-02-06,-1.4738913779658744,1.0338270415605665E-4,"{""type"":""MultiPoint"",""coordinates"":[]}"
589,2020-02-07,-0.6548486311656556,8.811598343480931E-5,"{""type"":""MultiPoint"",""coordinates"":[]}"
590,2020-02-08,-1.5032335608241238,7.73718058638409E-5,"{""type"":""MultiPoint"",""coordinates"":[]}"
591,2020-02-09,-1.686416498556375,1.2358358183941177E-4,"{""type"":""MultiPoint"",""coordinates"":[]}"
592,2020-02-10,-1.9148702486410325,1.1614517458297184E-4,"{""type"":""MultiPoint"",""coordinates"":[]}"
593,2020-02-11,-1.5256308492912913,1.6351898500857774E-4,"{""type"":""MultiPoint"",""coordinates"":[]}"
594,2020-02-12,-0.6799855706111367,7.09051221536913E-5,"{""type"":""MultiPoint"",""coordinates"":[]}"
595,2020-02-13,-1.2084703300101305,6.4377676888618E-5,"{""type"":""MultiPoint"",""coordinates"":[]}"
596,2020-02-14,-1.2530509571658648,7.166284526364657E-5,"{""type"":""MultiPoint"",""coordinates"":[]}"
597,2020-02-15,-1.4715879505634295,8.136054820657456E-5,"{""type"":""MultiPoint"",""coordinates"":[]}"
598,2020-02-16,-1.526732289674041,9.153014037545657E-5,"{""type"":""MultiPoint"",""coordinates"":[]}"
599,2020-02-17,-1.2681921005503187,8.764284441004152E-5,"{""type"":""MultiPoint"",""coordinates"":[]}"
600,2020-02-18,-1.0376264225568859,7.301895925609705E-5,"{""type"":""MultiPoint"",""coordinates"":[]}"
601,2020-02-19,-0.9502812006693985,1.2265408988214335E-4,"{""type"":""MultiPoint"",""coordinates"":[]}"
602,2020-02-20,-1.193056366634006,8.507395219407319E-5,"{""type"":""MultiPoint"",""coordinates"":[]}"
604,2020-02-22,-0.9274725536870626,4.601225034958642E-5,"{""type"":""MultiPoint"",""coordinates"":[]}"
605,2020-02-23,-0.768974664169924,4.921279913486721E-5,"{""type"":""MultiPoint"",""coordinates"":[]}"
606,2020-02-24,-1.6046586811243593,8.982565466124273E-5,"{""type"":""MultiPoint"",""coordinates"":[]}"
607,2020-02-25,-1.6737508135474066,8.143596216308881E-5,"{""type"":""MultiPoint"",""coordinates"":[]}"
608,2020-02-26,-1.7032940081707229,9.956896784461572E-5,"{""type"":""MultiPoint"",""coordinates"":[]}"
609,2020-02-27,-1.9350225429459162,8.394184396821494E-5,"{""type"":""MultiPoint"",""coordinates"":[]}"
610,2020-02-28,-0.46828121647803467,7.353471222422165E-5,"{""type"":""MultiPoint"",""coordinates"":[]}"
611,2020-02-29,-0.7937884170550186,9.909760894750341E-5,"{""type"":""MultiPoint"",""coordinates"":[]}"
612,2020-03-01,-1.3090808307563382,1.1599848787496824E-4,"{""type"":""MultiPoint"",""coordinates"":[]}"
613,2020-03-02,-1.3663408523927005,1.3220237630492344E-4,"{""type"":""MultiPoint"",""coordinates"":[]}"
614,2020-03-03,-1.71005080087897,1.0375556239662012E-4,"{""type"":""MultiPoint"",""coordinates"":[]}"
615,2020-03-04,-0.9830073535802761,1.0714263791129367E-4,"{""type"":""MultiPoint"",""coordinates"":[]}"
616,2020-03-05,-0.7243169787902378,7.320684404220706E-5,"{""type"":""MultiPoint"",""coordinates"":[]}"
617,2020-03-06,-0.971664162776497,4.146117685799094E-5,"{""type"":""MultiPoint"",""coordinates"":[]}"
618,2020-03-07,-1.5090802070912925,9.150226197947298E-5,"{""type"":""MultiPoint"",""coordinates"":[]}"
619,2020-03-08,-1.7453775828595661,9.693302112916951E-5,"{""type"":""MultiPoint"",""coordinates"":[]}"
620,2020-03-09,-1.2519877471170349,5.3322063752586464E-5,"{""type"":""MultiPoint"",""coordinates"":[]}"
621,2020-03-10,-0.9805762382729429,5.5032815722518074E-5,"{""type"":""MultiPoint"",""coordinates"":[]}"
622,2020-03-11,-1.3120474840786687,6.055982266801391E-5,"{""type"":""MultiPoint"",""coordinates"":[]}"
623,2020-03-12,-1.3145733875937897,7.711579271983641E-5,"{""type"":""MultiPoint"",""coordinates"":[]}"
624,2020-03-13,-0.6950981914160966,2.006975962321699E-4,"{""type"":""MultiPoint"",""coordinates"":[]}"
625,2020-03-14,-1.2419142848651106,8.719548518238246E-5,"{""type"":""MultiPoint"",""coordinates"":[]}"
626,2020-03-15,-0.8496022261531498,7.614365761304362E-5,"{""type"":""MultiPoint"",""coordinates"":[]}"
627,2020-03-16,-0.929249294485693,6.942958677068983E-5,"{""type"":""MultiPoint"",""coordinates"":[]}"
628,2020-03-17,-0.9658578772527259,6.41590866668281E-5,"{""type"":""MultiPoint"",""coordinates"":[]}"
629,2020-03-18,-1.311347801902148,6.396463585971787E-5,"{""type"":""MultiPoint"",""coordinates"":[]}"
630,2020-03-19,-1.5511375291501512,8.961804044098454E-5,"{""type"":""MultiPoint"",""coordinates"":[]}"
631,2020-03-20,-1.3971698031419546,1.904570586298749E-4,"{""type"":""MultiPoint"",""coordinates"":[]}"
632,2020-03-21,-0.5835412536142967,3.315594221930951E-5,"{""type"":""MultiPoint"",""coordinates"":[]}"
633,2020-03-22,-1.052969144856874,3.520722749063981E-5,"{""type"":""MultiPoint"",""coordinates"":[]}"
634,2020-03-23,-1.089666035813444,5.7277039454299556E-5,"{""type"":""MultiPoint"",""coordinates"":[]}"
635,2020-03-24,-1.2650194747681986,5.244190203773797E-5,"{""type"":""MultiPoint"",""coordinates"":[]}"
636,2020-03-25,-1.1855970533179836,2.836899036767656E-5,"{""type"":""MultiPoint"",""coordinates"":[]}"
638,2020-03-27,-0.974702486601093,4.754992784495547E-5,"{""type"":""MultiPoint"",""coordinates"":[]}"
639,2020-03-28,-0.949845459177403,2.4126613475365572E-5,"{""type"":""MultiPoint"",""coordinates"":[]}"
640,2020-03-29,-1.129430531098823,2.2766580522057415E-5,"{""type"":""MultiPoint"",""coordinates"":[]}"
641,2020-03-30,-1.4749439701309988,2.0472534840455466E-5,"{""type"":""MultiPoint"",""coordinates"":[]}"
642,2020-03-31,-0.4747301452580032,3.1008301750990696E-5,"{""type"":""MultiPoint"",""coordinates"":[]}"
643,2020-04-01,-0.5956416478838766,4.0358974504708634E-5,"{""type"":""MultiPoint"",""coordinates"":[]}"
644,2020-04-02,-0.7962864634631512,2.7473479177964522E-5,"{""type"":""MultiPoint"",""coordinates"":[]}"
645,2020-04-03,-1.9805394101906344,2.6384025413815773E-5,"{""type"":""MultiPoint"",""coordinates"":[]}"
646,2020-04-04,-0.818014180075334,2.7794168393793415E-5,"{""type"":""MultiPoint"",""coordinates"":[]}"
647,2020-04-05,-1.1011338886475202,3.400849046002204E-5,"{""type"":""MultiPoint"",""coordinates"":[]}"
648,2020-04-06,-0.5077627921190498,3.4034939368237465E-5,"{""type"":""MultiPoint"",""coordinates"":[]}"
649,2020-04-07,-0.0975428818236305,2.443545689243028E-5,"{""type"":""MultiPoint"",""coordinates"":[]}"
650,2020-04-08,-0.625828376065018,3.0747293925862194E-5,"{""type"":""MultiPoint"",""coordinates"":[]}"
651,2020-04-09,-1.5550039922781778,2.4456735558219366E-5,"{""type"":""MultiPoint"",""coordinates"":[]}"
652,2020-04-10,-1.0808123243676606,2.053322990969035E-5,"{""type"":""MultiPoint"",""coordinates"":[]}"
653,2020-04-11,-0.34167426078637764,3.278019929956807E-5,"{""type"":""MultiPoint"",""coordinates"":[]}"
654,2020-04-12,-0.6608632298998105,2.4770633980669755E-5,"{""type"":""MultiPoint"",""coordinates"":[]}"
655,2020-04-13,-0.21687792761546235,3.136827722673422E-5,"{""type"":""MultiPoint"",""coordinates"":[]}"
656,2020-04-14,-0.3254291054410933,4.840627505118072E-5,"{""type"":""MultiPoint"",""coordinates"":[]}"
657,2020-04-15,-0.9641061930611269,4.5929231459909494E-5,"{""type"":""MultiPoint"",""coordinates"":[]}"
658,2020-04-16,-0.5154231784437657,3.9947857840834055E-5,"{""type"":""MultiPoint"",""coordinates"":[]}"
659,2020-04-17,-0.4448565882396835,5.480436954108563E-5,"{""type"":""MultiPoint"",""coordinates"":[]}"
660,2020-04-18,-0.0442189674763671,3.1668407054167095E-5,"{""type"":""MultiPoint"",""coordinates"":[]}"
661,2020-04-19,-0.8781368106195765,4.54932146348909E-5,"{""type"":""MultiPoint"",""coordinates"":[]}"
662,2020-04-20,-1.8319472682471851,3.5701613882034666E-5,"{""type"":""MultiPoint"",""coordinates"":[]}"
663,2020-04-21,-1.4451568483731294,4.27937165794609E-5,"{""type"":""MultiPoint"",""coordinates"":[]}"
664,2020-04-22,-0.5558214452357628,4.279694038676496E-5,"{""type"":""MultiPoint"",""coordinates"":[]}"
665,2020-04-23,-0.7257638747201003,3.899259665892375E-5,"{""type"":""MultiPoint"",""coordinates"":[]}"
666,2020-04-24,-0.7691956284842554,5.779161853578532E-5,"{""type"":""MultiPoint"",""coordinates"":[]}"
667,2020-04-25,-1.6920602728149254,5.442207764331185E-5,"{""type"":""MultiPoint"",""coordinates"":[]}"
668,2020-04-26,-1.3831662919161485,6.75946006553589E-5,"{""type"":""MultiPoint"",""coordinates"":[]}"
669,2020-04-27,-0.9908045966289531,4.6046710967527526E-5,"{""type"":""MultiPoint"",""coordinates"":[]}"
670,2020-04-28,-0.8259155049338553,4.183578045076688E-5,"{""type"":""MultiPoint"",""coordinates"":[]}"
671,2020-04-29,-0.960919156103383,4.697021032886272E-5,"{""type"":""MultiPoint"",""coordinates"":[]}"
672,2020-04-30,-0.7286468141975196,6.269876299011354E-5,"{""type"":""MultiPoint"",""coordinates"":[]}"
673,2020-05-01,-0.46294734807468957,6.440998787179927E-5,"{""type"":""MultiPoint"",""coordinates"":[]}"
674,2020-05-02,0.010645098774666658,4.571797534040548E-5,"{""type"":""MultiPoint"",""coordinates"":[]}"
675,2020-05-03,-0.5324192060225164,4.886908990651578E-5,"{""type"":""MultiPoint"",""coordinates"":[]}"
676,2020-05-04,-0.8197265337085712,4.4862119661759815E-5,"{""type"":""MultiPoint"",""coordinates"":[]}"
677,2020-05-05,-1.2216250267576831,6.121774274229785E-5,"{""type"":""MultiPoint"",""coordinates"":[]}"
679,2020-05-07,-0.9107563558481472,4.73411270522847E-5,"{""type"":""MultiPoint"",""coordinates"":[]}"
680,2020-05-08,-0.12082282759743773,5.5401103523233626E-5,"{""type"":""MultiPoint"",""coordinates"":[]}"
681,2020-05-09,-0.04433091196988913,5.047122783811047E-5,"{""type"":""MultiPoint"",""coordinates"":[]}"
683,2020-05-11,-1.5271736075025621,5.732691850725546E-5,"{""type"":""MultiPoint"",""coordinates"":[]}"
684,2020-05-12,-1.1662933120504577,5.3844564653310845E-5,"{""type"":""MultiPoint"",""coordinates"":[]}"
685,2020-05-13,-1.004830275757211,5.049246290313537E-5,"{""type"":""MultiPoint"",""coordinates"":[]}"
686,2020-05-14,-0.132446115969408,5.8692242460055715E-5,"{""type"":""MultiPoint"",""coordinates"":[]}"
687,2020-05-15,-0.2735809648494922,7.820491883327344E-5,"{""type"":""MultiPoint"",""coordinates"":[]}"
688,2020-05-16,-0.3851327450533099,7.667311393511413E-5,"{""type"":""MultiPoint"",""coordinates"":[]}"
689,2020-05-17,-0.88201319006618,6.25828923175075E-5,"{""type"":""MultiPoint"",""coordinates"":[]}"
690,2020-05-18,0.17920134539635557,6.308158595299844E-5,"{""type"":""MultiPoint"",""coordinates"":[]}"
691,2020-05-19,0.07822730742491474,6.965188195271724E-5,"{""type"":""MultiPoint"",""coordinates"":[]}"
692,2020-05-20,-0.08829714706736556,8.075430416299827E-5,"{""type"":""MultiPoint"",""coordinates"":[]}"
693,2020-05-21,-0.007928582961412094,7.563216110877141E-5,"{""type"":""MultiPoint"",""coordinates"":[]}"
694,2020-05-22,-0.4123515511307457,7.398560420666634E-5,"{""type"":""MultiPoint"",""coordinates"":[]}"
695,2020-05-23,-0.14640935571575556,5.072974575240906E-5,"{""type"":""MultiPoint"",""coordinates"":[]}"
696,2020-05-24,0.002459284637904765,5.488968658187594E-5,"{""type"":""MultiPoint"",""coordinates"":[]}"
697,2020-05-25,-0.030404639047340764,4.9443694990600904E-5,"{""type"":""MultiPoint"",""coordinates"":[]}"
698,2020-05-26,0.29734600647631054,6.19246868387158E-5,"{""type"":""MultiPoint"",""coordinates"":[]}"
699,2020-05-27,0.008083867369638146,7.977555822106943E-5,"{""type"":""MultiPoint"",""coordinates"":[]}"
700,2020-05-28,-0.2531635463827479,6.93598742268844E-5,"{""type"":""MultiPoint"",""coordinates"":[]}"
701,2020-05-29,0.5035248384289465,5.869090888275486E-5,"{""type"":""MultiPoint"",""coordinates"":[]}"
702,2020-05-30,-0.27343362783959857,5.565838670987472E-5,"{""type"":""MultiPoint"",""coordinates"":[]}"
703,2020-05-31,-0.7871613826475793,5.185159868002398E-5,"{""type"":""MultiPoint"",""coordinates"":[]}"
704,2020-06-01,-0.926920259344884,7.799320147348203E-5,"{""type"":""MultiPoint"",""coordinates"":[]}"
705,2020-06-02,-1.2785864767639519,7.586789545756114E-5,"{""type"":""MultiPoint"",""coordinates"":[]}"
706,2020-06-03,-0.7910493579687816,6.048907321623956E-5,"{""type"":""MultiPoint"",""coordinates"":[]}"
708,2020-06-05,-1.2447689349885052,5.599211128045486E-5,"{""type"":""MultiPoint"",""coordinates"":[]}"
709,2020-06-06,-1.4386783083193337,6.56192954183527E-5,"{""type"":""MultiPoint"",""coordinates"":[]}"
710,2020-06-07,-1.3464148980605883,5.237756466558695E-5,"{""type"":""MultiPoint"",""coordinates"":[]}"
711,2020-06-08,-1.3773781753180383,6.908740150507021E-5,"{""type"":""MultiPoint"",""coordinates"":[]}"
712,2020-06-09,-0.4447827427452864,4.340883633263759E-5,"{""type"":""MultiPoint"",""coordinates"":[]}"
713,2020-06-10,-0.5249212480297658,6.473337386136909E-5,"{""type"":""MultiPoint"",""coordinates"":[]}"
714,2020-06-11,-0.47657326807656497,7.405069808375215E-5,"{""type"":""MultiPoint"",""coordinates"":[]}"
715,2020-06-12,-1.1345518718896328,7.365164473825335E-5,"{""type"":""MultiPoint"",""coordinates"":[]}"
716,2020-06-13,-0.8956984594040189,6.738652768067827E-5,"{""type"":""MultiPoint"",""coordinates"":[]}"
717,2020-06-14,-0.5437117856173268,6.908755920151442E-5,"{""type"":""MultiPoint"",""coordinates"":[]}"
718,2020-06-15,-0.8373807247328144,6.086058999216127E-5,"{""type"":""MultiPoint"",""coordinates"":[]}"
719,2020-06-16,-0.2534577452875648,8.810670067760707E-5,"{""type"":""MultiPoint"",""coordinates"":[]}"
720,2020-06-17,-0.5940386998909137,8.605476683978666E-5,"{""type"":""MultiPoint"",""coordinates"":[]}"
721,2020-06-18,-0.6501686625628572,7.808965540826458E-5,"{""type"":""MultiPoint"",""coordinates"":[]}"
722,2020-06-19,1.6507208274660417,6.507999674568365E-5,"{""type"":""MultiPoint"",""coordinates"":[]}"
723,2020-06-20,0.38798558609947165,6.389703291844792E-5,"{""type"":""MultiPoint"",""coordinates"":[]}"
725,2020-06-22,-1.2782690075955347,7.270882017526587E-5,"{""type"":""MultiPoint"",""coordinates"":[]}"
726,2020-06-23,-1.7708581711641946,5.183168629086205E-5,"{""type"":""MultiPoint"",""coordinates"":[]}"
727,2020-06-24,-2.1803231606035385,6.275853772745569E-5,"{""type"":""MultiPoint"",""coordinates"":[]}"
728,2020-06-25,-0.854292238209767,4.43555035338103E-5,"{""type"":""MultiPoint"",""coordinates"":[]}"
729,2020-06-26,-0.668454602018979,4.654148775266965E-5,"{""type"":""MultiPoint"",""coordinates"":[]}"
730,2020-06-27,-0.05006139947740711,4.3694493758260954E-5,"{""type"":""MultiPoint"",""coordinates"":[]}"
731,2020-06-28,0.1455311181365841,4.575546532419642E-5,"{""type"":""MultiPoint"",""coordinates"":[]}"
732,2020-06-29,1.375986626704937,6.183274115136589E-5,"{""type"":""MultiPoint"",""coordinates"":[]}"
733,2020-06-30,-0.24373096230735053,6.52816729819957E-5,"{""type"":""MultiPoint"",""coordinates"":[]}"
734,2020-07-01,-0.7350242706219063,6.574567679385256E-5,"{""type"":""MultiPoint"",""coordinates"":[]}"
735,2020-07-02,-0.8608234489589899,8.190534418601057E-5,"{""type"":""MultiPoint"",""coordinates"":[]}"
736,2020-07-03,-1.134576349387832,1.0981585979129792E-4,"{""type"":""MultiPoint"",""coordinates"":[]}"
737,2020-07-04,-1.1792673540032845,5.863784718018147E-5,"{""type"":""MultiPoint"",""coordinates"":[]}"
738,2020-07-05,-0.7476570782454325,7.734646992033329E-5,"{""type"":""MultiPoint"",""coordinates"":[]}"
739,2020-07-06,-1.0496067029101963,9.253530316966503E-5,"{""type"":""MultiPoint"",""coordinates"":[]}"
740,2020-07-07,-0.7416043963958094,3.857352884837282E-5,"{""type"":""MultiPoint"",""coordinates"":[]}"
741,2020-07-08,-1.7792057970023252,4.721632432967322E-5,"{""type"":""MultiPoint"",""coordinates"":[]}"
742,2020-07-09,-2.3394362933192516,5.480023350405459E-5,"{""type"":""MultiPoint"",""coordinates"":[]}"
743,2020-07-10,-1.5328466395597025,4.697561577837906E-5,"{""type"":""MultiPoint"",""coordinates"":[]}"
744,2020-07-11,-0.49072449491693176,3.480043662673396E-5,"{""type"":""MultiPoint"",""coordinates"":[]}"
745,2020-07-12,-1.1312789313979166,3.581864812224912E-5,"{""type"":""MultiPoint"",""coordinates"":[]}"
746,2020-07-13,-0.3998655802289578,5.0027962991777785E-5,"{""type"":""MultiPoint"",""coordinates"":[]}"
747,2020-07-14,-0.8787796117454559,5.523989413410388E-5,"{""type"":""MultiPoint"",""coordinates"":[]}"
748,2020-07-15,-1.8861902657437246,7.173612163021475E-5,"{""type"":""MultiPoint"",""coordinates"":[]}"
749,2020-07-16,-1.279207649729064,3.3326380540040816E-5,"{""type"":""MultiPoint"",""coordinates"":[]}"
754,2020-07-21,-0.9750677895067938,3.505388201174328E-5,"{""type"":""MultiPoint"",""coordinates"":[]}"
755,2020-07-22,-1.0738042464896014,2.6246331569222896E-5,"{""type"":""MultiPoint"",""coordinates"":[]}"
756,2020-07-23,-1.5403636513977426,4.145698830713722E-5,"{""type"":""MultiPoint"",""coordinates"":[]}"
757,2020-07-24,-1.9928656858776426,5.2213594899184964E-5,"{""type"":""MultiPoint"",""coordinates"":[]}"
758,2020-07-25,-2.250147839053673,3.078798543642856E-5,"{""type"":""MultiPoint"",""coordinates"":[]}"
759,2020-07-26,-1.9254153483143182,3.497277084004772E-5,"{""type"":""MultiPoint"",""coordinates"":[]}"
760,2020-07-27,-1.3055330550920616,3.866571559068434E-5,"{""type"":""MultiPoint"",""coordinates"":[]}"
761,2020-07-28,-1.2014627726068432,4.9828019726920474E-5,"{""type"":""MultiPoint"",""coordinates"":[]}"
762,2020-07-29,-0.8396402055346507,3.558691660534355E-5,"{""type"":""MultiPoint"",""coordinates"":[]}"
763,2020-07-30,-1.6810687480043203,5.680147576517074E-5,"{""type"":""MultiPoint"",""coordinates"":[]}"
764,2020-07-31,-1.8558925563915505,3.641054576988279E-5,"{""type"":""MultiPoint"",""coordinates"":[]}"
765,2020-08-01,-1.2405744823736649,4.4386853338691604E-5,"{""type"":""MultiPoint"",""coordinates"":[]}"
766,2020-08-02,-0.9323605614521533,3.262050726224999E-5,"{""type"":""MultiPoint"",""coordinates"":[]}"
767,2020-08-03,-1.0580384688031794,6.017559152037187E-5,"{""type"":""MultiPoint"",""coordinates"":[]}"
768,2020-08-04,-1.2529591336315646,5.9227280570931926E-5,"{""type"":""MultiPoint"",""coordinates"":[]}"
770,2020-08-06,-1.0944228990196796,4.7481655188843136E-5,"{""type"":""MultiPoint"",""coordinates"":[]}"
771,2020-08-07,-1.375061434132718,3.433517729576967E-5,"{""type"":""MultiPoint"",""coordinates"":[]}"
772,2020-08-08,-1.4891144910663983,3.8503471696032705E-5,"{""type"":""MultiPoint"",""coordinates"":[]}"
774,2020-08-10,-2.3232733310260487,3.115830272392191E-5,"{""type"":""MultiPoint"",""coordinates"":[]}"
778,2020-08-14,-1.4710798389484445,4.8856309382429284E-5,"{""type"":""MultiPoint"",""coordinates"":[]}"
779,2020-08-15,-2.118179426454802,2.1011300923100097E-5,"{""type"":""MultiPoint"",""coordinates"":[]}"
780,2020-08-16,-2.171110364388638,4.220675708483846E-5,"{""type"":""MultiPoint"",""coordinates"":[]}"
782,2020-08-18,-0.983846857193612,4.785829548855334E-5,"{""type"":""MultiPoint"",""coordinates"":[]}"
785,2020-08-21,-2.0169291815056396,4.776741380575363E-5,"{""type"":""MultiPoint"",""coordinates"":[]}"
786,2020-08-22,-1.3783748635955952,4.040001992774672E-5,"{""type"":""MultiPoint"",""coordinates"":[]}"
787,2020-08-23,-1.418771087921209,2.5622733991985707E-5,"{""type"":""MultiPoint"",""coordinates"":[]}"
788,2020-08-24,-1.3766300418005748,3.3924136860689986E-5,"{""type"":""MultiPoint"",""coordinates"":[]}"
789,2020-08-25,-1.5525516115180882,3.870279764295214E-5,"{""type"":""MultiPoint"",""coordinates"":[]}"
790,2020-08-26,-1.6748275634735128,2.409373919747027E-5,"{""type"":""MultiPoint"",""coordinates"":[]}"
791,2020-08-27,-2.092061029113883,2.818544341379692E-5,"{""type"":""MultiPoint"",""coordinates"":[]}"
792,2020-08-28,-0.40690719961516025,2.2214406750121138E-5,"{""type"":""MultiPoint"",""coordinates"":[]}"
793,2020-08-29,-1.4345554333918369,4.13781138563763E-5,"{""type"":""MultiPoint"",""coordinates"":[]}"
794,2020-08-30,-1.113425366512962,2.558771930912535E-5,"{""type"":""MultiPoint"",""coordinates"":[]}"
795,2020-08-31,-1.9980109255555993,4.173139750110364E-5,"{""type"":""MultiPoint"",""coordinates"":[]}"
796,2020-09-01,-1.9493742325745307,3.723946919533977E-5,"{""type"":""MultiPoint"",""coordinates"":[]}"
797,2020-09-02,-1.2036178181593074,5.283699302399632E-5,"{""type"":""MultiPoint"",""coordinates"":[]}"
798,2020-09-03,-1.7559381233912916,4.506111397416335E-5,"{""type"":""MultiPoint"",""coordinates"":[]}"
799,2020-09-04,-1.5093870224521113,6.442373773755158E-5,"{""type"":""MultiPoint"",""coordinates"":[]}"
800,2020-09-05,-2.173676299150823,6.137444365257065E-5,"{""type"":""MultiPoint"",""coordinates"":[]}"
801,2020-09-06,-2.178846626007401,4.0102468669616025E-5,"{""type"":""MultiPoint"",""coordinates"":[]}"
802,2020-09-07,-1.254218377745398,5.409183377833997E-5,"{""type"":""MultiPoint"",""coordinates"":[]}"
803,2020-09-08,-1.3707069871644664,4.450720837833517E-5,"{""type"":""MultiPoint"",""coordinates"":[]}"
804,2020-09-09,-1.6659282953857761,4.323988233160254E-5,"{""type"":""MultiPoint"",""coordinates"":[]}"
805,2020-09-10,-1.7162950502609824,5.5860725380595844E-5,"{""type"":""MultiPoint"",""coordinates"":[]}"
806,2020-09-11,-1.6341051805833084,7.639820651623475E-5,"{""type"":""MultiPoint"",""coordinates"":[]}"
807,2020-09-12,-1.3831590279146813,6.503427966049661E-5,"{""type"":""MultiPoint"",""coordinates"":[]}"
808,2020-09-13,-0.9532149549539234,4.422644449421593E-5,"{""type"":""MultiPoint"",""coordinates"":[]}"
809,2020-09-14,-1.3678944420611066,3.8175079459817455E-5,"{""type"":""MultiPoint"",""coordinates"":[]}"
810,2020-09-15,-1.7805025948361084,6.933278569520857E-5,"{""type"":""MultiPoint"",""coordinates"":[]}"
811,2020-09-16,-1.6801048618958854,5.807231699007988E-5,"{""type"":""MultiPoint"",""coordinates"":[]}"
812,2020-09-17,-1.657052638599195,5.591315209784487E-5,"{""type"":""MultiPoint"",""coordinates"":[]}"
813,2020-09-18,-1.163788155885005,5.555434234161914E-5,"{""type"":""MultiPoint"",""coordinates"":[]}"
814,2020-09-19,-1.4213652100960636,5.908044296562159E-5,"{""type"":""MultiPoint"",""coordinates"":[]}"
815,2020-09-20,-1.4587643010345277,6.213861885335419E-5,"{""type"":""MultiPoint"",""coordinates"":[]}"
816,2020-09-21,-1.8018257676052045,8.350047494836511E-5,"{""type"":""MultiPoint"",""coordinates"":[]}"
817,2020-09-22,-1.898127318083696,9.394054120365582E-5,"{""type"":""MultiPoint"",""coordinates"":[]}"
818,2020-09-23,-1.0781218027035677,4.681325237022048E-5,"{""type"":""MultiPoint"",""coordinates"":[]}"
819,2020-09-24,-0.9511790029642471,4.2770179196200256E-5,"{""type"":""MultiPoint"",""coordinates"":[]}"
820,2020-09-25,-1.2209285382647186,6.28512489040047E-5,"{""type"":""MultiPoint"",""coordinates"":[]}"
821,2020-09-26,-0.5283555261649586,7.923126467945886E-6,"{""type"":""MultiPoint"",""coordinates"":[]}"
822,2020-09-27,-1.1645036016069688,5.895734291068195E-5,"{""type"":""MultiPoint"",""coordinates"":[]}"
823,2020-09-28,-0.6869954156240493,5.437699708916686E-5,"{""type"":""MultiPoint"",""coordinates"":[]}"
824,2020-09-29,-0.8129805284170942,4.3835847587220254E-5,"{""type"":""MultiPoint"",""coordinates"":[]}"
825,2020-09-30,-0.899328390620094,5.330256209262869E-5,"{""type"":""MultiPoint"",""coordinates"":[]}"
826,2020-10-01,-1.2270545760466443,6.288573854734872E-5,"{""type"":""MultiPoint"",""coordinates"":[]}"
827,2020-10-02,-1.3656953770030502,6.637334620471745E-5,"{""type"":""MultiPoint"",""coordinates"":[]}"
828,2020-10-03,-1.0081671393361473,7.731517943801358E-5,"{""type"":""MultiPoint"",""coordinates"":[]}"
829,2020-10-04,-0.7725066932651711,7.18168124844776E-5,"{""type"":""MultiPoint"",""coordinates"":[]}"
830,2020-10-05,-1.0520428233405201,6.017575298838536E-5,"{""type"":""MultiPoint"",""coordinates"":[]}"
831,2020-10-06,-1.1476415965930327,7.357044697804175E-5,"{""type"":""MultiPoint"",""coordinates"":[]}"
832,2020-10-07,-1.2300320467848678,8.886832565176778E-5,"{""type"":""MultiPoint"",""coordinates"":[]}"
833,2020-10-08,-0.9389636552936974,8.230366206099419E-5,"{""type"":""MultiPoint"",""coordinates"":[]}"
834,2020-10-09,-0.32629009379439083,9.661769617949261E-5,"{""type"":""MultiPoint"",""coordinates"":[]}"
835,2020-10-10,-0.914251140753361,7.119961009539253E-5,"{""type"":""MultiPoint"",""coordinates"":[]}"
836,2020-10-11,-0.898887570968571,9.365499122357485E-5,"{""type"":""MultiPoint"",""coordinates"":[]}"
837,2020-10-12,-0.6958855543929231,1.1318305078157808E-4,"{""type"":""MultiPoint"",""coordinates"":[]}"
838,2020-10-13,-0.7348498418367402,8.455112045002975E-5,"{""type"":""MultiPoint"",""coordinates"":[]}"
839,2020-10-14,-0.2321940843416004,6.660448668423304E-5,"{""type"":""MultiPoint"",""coordinates"":[]}"
840,2020-10-15,-0.7916366285302946,8.783464829604674E-5,"{""type"":""MultiPoint"",""coordinates"":[]}"
841,2020-10-16,-0.9316327963673101,9.998827162077147E-5,"{""type"":""MultiPoint"",""coordinates"":[]}"
842,2020-10-17,-0.9961036925513967,9.758704609957491E-5,"{""type"":""MultiPoint"",""coordinates"":[]}"
843,2020-10-18,-1.0400803009321167,7.733850126753772E-5,"{""type"":""MultiPoint"",""coordinates"":[]}"
844,2020-10-19,-0.7169370563251255,7.526263900791432E-5,"{""type"":""MultiPoint"",""coordinates"":[]}"
845,2020-10-20,-0.3585880270871333,7.929199936408619E-5,"{""type"":""MultiPoint"",""coordinates"":[]}"
846,2020-10-21,-0.8776246937533742,9.205501813107784E-5,"{""type"":""MultiPoint"",""coordinates"":[]}"
847,2020-10-22,-0.6734770704123524,1.2623114367956746E-4,"{""type"":""MultiPoint"",""coordinates"":[]}"
848,2020-10-23,-0.5821738901404915,1.1047426477449164E-4,"{""type"":""MultiPoint"",""coordinates"":[]}"
849,2020-10-24,0.1116273644574625,8.366331730516966E-5,"{""type"":""MultiPoint"",""coordinates"":[]}"
850,2020-10-25,0.14987892049936957,6.735039475361079E-5,"{""type"":""MultiPoint"",""coordinates"":[]}"
851,2020-10-26,-0.0738479803718524,6.781246814821333E-5,"{""type"":""MultiPoint"",""coordinates"":[]}"
852,2020-10-27,-0.8021999316659949,6.69780439037496E-5,"{""type"":""MultiPoint"",""coordinates"":[]}"
853,2020-10-28,-0.1218147320294939,1.082057641748053E-4,"{""type"":""MultiPoint"",""coordinates"":[]}"
854,2020-10-29,0.7492142063221836,1.4317776347342248E-4,"{""type"":""MultiPoint"",""coordinates"":[]}"
855,2020-10-30,0.4955835319385391,7.509304913897581E-5,"{""type"":""MultiPoint"",""coordinates"":[]}"
856,2020-10-31,-0.6830886341197471,6.89161393277108E-5,"{""type"":""MultiPoint"",""coordinates"":[]}"
857,2020-11-01,-0.7996481145485991,7.126338534034858E-5,"{""type"":""MultiPoint"",""coordinates"":[]}"
858,2020-11-02,-0.1287533300963801,7.752202877343189E-5,"{""type"":""MultiPoint"",""coordinates"":[]}"
859,2020-11-03,-0.8168240234735245,1.5978095593222313E-4,"{""type"":""MultiPoint"",""coordinates"":[]}"
861,2020-11-05,0.3644877882436069,5.4129529471249786E-5,"{""type"":""MultiPoint"",""coordinates"":[]}"
862,2020-11-06,0.08948826023597654,6.402168989768882E-5,"{""type"":""MultiPoint"",""coordinates"":[]}"
863,2020-11-07,-0.6555044801426646,7.042830898191624E-5,"{""type"":""MultiPoint"",""coordinates"":[]}"
864,2020-11-08,1.1248076621818928,6.0994207064543875E-5,"{""type"":""MultiPoint"",""coordinates"":[]}"
865,2020-11-09,1.6179677699601795,1.3249892201083304E-4,"{""type"":""MultiPoint"",""coordinates"":[]}"
866,2020-11-10,0.5257907382519018,9.65286029290218E-5,"{""type"":""MultiPoint"",""coordinates"":[]}"
867,2020-11-11,-0.6338657339729615,1.1613536638778464E-4,"{""type"":""MultiPoint"",""coordinates"":[]}"
868,2020-11-12,-0.919137940707237,2.0424626771225416E-4,"{""type"":""MultiPoint"",""coordinates"":[]}"
869,2020-11-13,-0.9589703771703181,1.1212980272895169E-4,"{""type"":""MultiPoint"",""coordinates"":[]}"
870,2020-11-14,0.6273243753481252,5.395208581157601E-5,"{""type"":""MultiPoint"",""coordinates"":[]}"
873,2020-11-17,-1.445842117615608,8.547119062025482E-5,"{""type"":""MultiPoint"",""coordinates"":[]}"
874,2020-11-18,-1.542999632091304,8.750509414164124E-5,"{""type"":""MultiPoint"",""coordinates"":[]}"
875,2020-11-19,-1.3778946461004309,1.1185074288079897E-4,"{""type"":""MultiPoint"",""coordinates"":[]}"
876,2020-11-20,-1.0763474611902872,7.847547386006493E-5,"{""type"":""MultiPoint"",""coordinates"":[]}"
877,2020-11-21,-0.7513394434375373,6.211937109379005E-5,"{""type"":""MultiPoint"",""coordinates"":[]}"
878,2020-11-22,-1.0871553264157203,8.895259372677449E-5,"{""type"":""MultiPoint"",""coordinates"":[]}"
879,2020-11-23,-1.1731847638101622,2.1499032529812172E-4,"{""type"":""MultiPoint"",""coordinates"":[]}"
880,2020-11-24,-1.6701585625998865,1.4625222164758327E-4,"{""type"":""MultiPoint"",""coordinates"":[]}"
881,2020-11-25,-1.3164590592767489,4.924148312411586E-5,"{""type"":""MultiPoint"",""coordinates"":[]}"
882,2020-11-26,-0.8010040974584011,8.419520588498277E-5,"{""type"":""MultiPoint"",""coordinates"":[]}"
883,2020-11-27,-1.364755272140432,8.30111813331229E-5,"{""type"":""MultiPoint"",""coordinates"":[]}"
884,2020-11-28,-1.51691271597097,8.533897546147542E-5,"{""type"":""MultiPoint"",""coordinates"":[]}"
885,2020-11-29,-1.4534174944549576,1.2546326818776662E-4,"{""type"":""MultiPoint"",""coordinates"":[]}"
886,2020-11-30,-1.0238855370513897,1.619745306677711E-4,"{""type"":""MultiPoint"",""coordinates"":[]}"
887,2020-12-01,-0.4242925032471193,1.7310880852560158E-4,"{""type"":""MultiPoint"",""coordinates"":[]}"
888,2020-12-02,-0.9252255699572773,9.021291280514012E-5,"{""type"":""MultiPoint"",""coordinates"":[]}"
889,2020-12-03,-1.2963758217945294,1.5656956352427554E-4,"{""type"":""MultiPoint"",""coordinates"":[]}"
890,2020-12-04,-1.184297812084637,2.3994774411088365E-4,"{""type"":""MultiPoint"",""coordinates"":[]}"
891,2020-12-05,-1.0631282044514998,1.7247448965476383E-4,"{""type"":""MultiPoint"",""coordinates"":[]}"
892,2020-12-06,-0.552991692193492,1.398646304149577E-4,"{""type"":""MultiPoint"",""coordinates"":[]}"
893,2020-12-07,-0.5397285533697566,9.322507061015772E-5,"{""type"":""MultiPoint"",""coordinates"":[]}"
894,2020-12-08,-1.4605107972579516,1.346781813203041E-4,"{""type"":""MultiPoint"",""coordinates"":[]}"
895,2020-12-09,-1.4442835248520145,1.4307065784359906E-4,"{""type"":""MultiPoint"",""coordinates"":[]}"
896,2020-12-10,-1.5524887347629177,1.2077174469236696E-4,"{""type"":""MultiPoint"",""coordinates"":[]}"
897,2020-12-11,-1.4551908139583223,7.493980393455698E-5,"{""type"":""MultiPoint"",""coordinates"":[]}"
898,2020-12-12,-0.24056992513303194,8.288919965419842E-5,"{""type"":""MultiPoint"",""coordinates"":[]}"
899,2020-12-13,-1.5913200139829013,7.615278622651045E-5,"{""type"":""MultiPoint"",""coordinates"":[]}"
900,2020-12-14,-1.7337625476747693,9.135000702366755E-5,"{""type"":""MultiPoint"",""coordinates"":[]}"
901,2020-12-15,-1.9119755421239155,1.8453325171595533E-4,"{""type"":""MultiPoint"",""coordinates"":[]}"
902,2020-12-16,-1.7464092665001114,1.0432490069088039E-4,"{""type"":""MultiPoint"",""coordinates"":[]}"
903,2020-12-17,-1.1247590708812902,1.0501189763515482E-4,"{""type"":""MultiPoint"",""coordinates"":[]}"
904,2020-12-18,-1.2591798358899298,8.200225652717571E-5,"{""type"":""MultiPoint"",""coordinates"":[]}"
905,2020-12-19,-1.5224085346211376,8.453816241063223E-5,"{""type"":""MultiPoint"",""coordinates"":[]}"
906,2020-12-20,-1.8567101364936331,7.07947302375711E-5,"{""type"":""MultiPoint"",""coordinates"":[]}"
907,2020-12-21,-1.755619874456438,1.3668259169847142E-4,"{""type"":""MultiPoint"",""coordinates"":[]}"
908,2020-12-22,-0.7698405683424947,2.621766696742568E-4,"{""type"":""MultiPoint"",""coordinates"":[]}"
909,2020-12-23,-0.5901666878650235,2.8214868056413204E-4,"{""type"":""MultiPoint"",""coordinates"":[]}"
910,2020-12-24,-1.2956205640897316,1.4832490651672562E-4,"{""type"":""MultiPoint"",""coordinates"":[]}"
911,2020-12-25,-1.5943703723384146,8.42826475947767E-5,"{""type"":""MultiPoint"",""coordinates"":[]}"
912,2020-12-26,-1.7397927816808456,1.2753653556101446E-4,"{""type"":""MultiPoint"",""coordinates"":[]}"
913,2020-12-27,-0.7376479022134279,1.654215622756059E-4,"{""type"":""MultiPoint"",""coordinates"":[]}"
914,2020-12-28,-0.8453408084876571,9.372903862074256E-5,"{""type"":""MultiPoint"",""coordinates"":[]}"
915,2020-12-29,-1.3582728377207711,9.262977099725809E-5,"{""type"":""MultiPoint"",""coordinates"":[]}"
916,2020-12-30,-1.8609677668777398,1.2824347053726274E-4,"{""type"":""MultiPoint"",""coordinates"":[]}"
917,2020-12-31,-2.1078943273819024,1.4941137912939445E-4,"{""type"":""MultiPoint"",""coordinates"":[]}"
